<profile>

<section name = "Vivado HLS Report for 'fir'" level="0">
<item name = "Date">Thu Jan  5 22:34:32 2023
</item>
<item name = "Version">2019.2 (Build 2704478 on Wed Nov 06 22:10:23 MST 2019)</item>
<item name = "Project">fir_filter</item>
<item name = "Solution">solution1</item>
<item name = "Product family">virtexuplus</item>
<item name = "Target device">xcu200-fsgd2104-2-e</item>
</section>

<section name = "Performance Estimates" level="0">
<item name = "Timing">
<section name = "" level="1">
<item name = "Summary"><table name="" hasTotal="0">
<keys size="4">Clock, Target, Estimated, Uncertainty</keys>
<column name="ap_clk">10.00 ns, 5.301 ns, 1.25 ns</column>
</table>
</item>
</section>
</item>
<item name = "Latency">
<section name = "" level="1">
<item name = "Summary"><table name="" hasTotal="0">
<keys size="8">, min, max, min, max, min, max, Type</keys>
<column name="">0, 0, 0 ns, 0 ns, 0, 0, none</column>
</table>
</item>
<item name = "Detail">
<section name = "" level="1">
<item name = "Instance"><table name="" hasTotal="0">
<keys size="9">Instance, Module, min, max, min, max, min, max, Type</keys>
</table>
</item>
<item name = "Loop"><table name="" hasTotal="0">
<keys size="8">Loop Name, min, max, Latency, achieved, target, Count, Pipelined</keys>
</table>
</item>
</section>
</item>
</section>
</item>
</section>

<section name = "Utilization Estimates" level="0">
<item name = "Summary"><table name="" hasTotal="1">
<keys size="6">Name, BRAM_18K, DSP48E, FF, LUT, URAM</keys>
<column name="DSP">-, -, -, -, -</column>
<column name="Expression">-, 14, 0, 332, -</column>
<column name="FIFO">-, -, -, -, -</column>
<column name="Instance">-, -, -, -, -</column>
<column name="Memory">-, -, -, -, -</column>
<column name="Multiplexer">-, -, -, -, -</column>
<column name="Register">-, -, 321, -, -</column>
<specialColumn name="Available SLR">1440, 2280, 788160, 394080, 320</specialColumn>
<specialColumn name="Utilization SLR (%)">0, ~0, ~0, ~0, 0</specialColumn>
<specialColumn name="Available">4320, 6840, 2364480, 1182240, 960</specialColumn>
<specialColumn name="Utilization (%)">0, ~0, ~0, ~0, 0</specialColumn>
</table>
</item>
<item name = "Detail">
<section name = "" level="1">
<item name = "Instance"><table name="" hasTotal="1">
<keys size="7">Instance, Module, BRAM_18K, DSP48E, FF, LUT, URAM</keys>
</table>
</item>
<item name = "DSP48E"><table name="" hasTotal="0">
<keys size="3">Instance, Module, Expression</keys>
</table>
</item>
<item name = "Memory"><table name="" hasTotal="1">
<keys size="10">Memory, Module, BRAM_18K, FF, LUT, URAM, Words, Bits, Banks, W*Bits*Banks</keys>
</table>
</item>
<item name = "FIFO"><table name="" hasTotal="1">
<keys size="8">Name, BRAM_18K, FF, LUT, URAM, Depth, Bits, Size:D*B</keys>
</table>
</item>
<item name = "Expression"><table name="" hasTotal="1">
<keys size="7">Variable Name, Operation, DSP48E, FF, LUT, Bitwidth P0, Bitwidth P1</keys>
<column name="mul_ln22_1_fu_85_p2">*, 2, 0, 20, 32, 8</column>
<column name="mul_ln22_2_fu_111_p2">*, 2, 0, 20, 32, 9</column>
<column name="mul_ln22_3_fu_127_p2">*, 2, 0, 20, 32, 9</column>
<column name="mul_ln22_4_fu_143_p2">*, 2, 0, 20, 32, 9</column>
<column name="mul_ln22_5_fu_169_p2">*, 2, 0, 20, 32, 8</column>
<column name="mul_ln22_fu_59_p2">*, 2, 0, 20, 32, 6</column>
<column name="mul_ln24_fu_185_p2">*, 2, 0, 20, 32, 6</column>
<column name="add_ln24_1_fu_197_p2">+, 0, 0, 32, 32, 32</column>
<column name="add_ln24_2_fu_203_p2">+, 0, 0, 32, 32, 32</column>
<column name="add_ln24_3_fu_209_p2">+, 0, 0, 32, 32, 32</column>
<column name="add_ln24_4_fu_215_p2">+, 0, 0, 32, 32, 32</column>
<column name="add_ln24_fu_191_p2">+, 0, 0, 32, 32, 32</column>
<column name="y">+, 0, 0, 32, 32, 32</column>
</table>
</item>
<item name = "Multiplexer"><table name="" hasTotal="1">
<keys size="5">Name, LUT, Input Size, Bits, Total Bits</keys>
</table>
</item>
<item name = "Register"><table name="" hasTotal="1">
<keys size="5">Name, FF, LUT, Bits, Const Bits</keys>
<column name="ap_CS_fsm">1, 0, 1, 0</column>
<column name="shift_reg_0">32, 0, 32, 0</column>
<column name="shift_reg_1">32, 0, 32, 0</column>
<column name="shift_reg_2">32, 0, 32, 0</column>
<column name="shift_reg_3">32, 0, 32, 0</column>
<column name="shift_reg_4">32, 0, 32, 0</column>
<column name="shift_reg_5">32, 0, 32, 0</column>
<column name="shift_reg_6">32, 0, 32, 0</column>
<column name="shift_reg_7">32, 0, 32, 0</column>
<column name="shift_reg_8">32, 0, 32, 0</column>
<column name="shift_reg_9">32, 0, 32, 0</column>
</table>
</item>
</section>
</item>
</section>

<section name = "Interface" level="0">
<item name = "Summary"><table name="" hasTotal="0">
<keys size="6">RTL Ports, Dir, Bits, Protocol, Source Object, C Type</keys>
<column name="ap_clk">in, 1, ap_ctrl_hs, fir, return value</column>
<column name="ap_rst">in, 1, ap_ctrl_hs, fir, return value</column>
<column name="ap_start">in, 1, ap_ctrl_hs, fir, return value</column>
<column name="ap_done">out, 1, ap_ctrl_hs, fir, return value</column>
<column name="ap_idle">out, 1, ap_ctrl_hs, fir, return value</column>
<column name="ap_ready">out, 1, ap_ctrl_hs, fir, return value</column>
<column name="y">out, 32, ap_vld, y, pointer</column>
<column name="y_ap_vld">out, 1, ap_vld, y, pointer</column>
<column name="x">in, 32, ap_none, x, scalar</column>
</table>
</item>
</section>
</profile>
