<stg><name>fir</name>


<trans_list>
</trans_list>



<state_list>

<state id="1" st_id="1">

<operation id="2" st_id="1" stage="1" lat="1">
<core>NULL</core>
<MemPortIdVec></MemPortIdVec>
<condition id="-1">
<or_exp><and_exp></and_exp></or_exp>
</condition>

<Node id="14" bw="0" op_0_bw="0" op_1_bw="32">
<![CDATA[
:0  call void (...)* @_ssdm_op_SpecBitsMap(i32* %y) nounwind, !map !7

]]></Node>
<StgValue><ssdm name="specbitsmap_ln0"/></StgValue>
</operation>

<operation id="3" st_id="1" stage="1" lat="1">
<core>NULL</core>
<MemPortIdVec></MemPortIdVec>
<condition id="-1">
<or_exp><and_exp></and_exp></or_exp>
</condition>

<Node id="15" bw="0" op_0_bw="0" op_1_bw="32">
<![CDATA[
:1  call void (...)* @_ssdm_op_SpecBitsMap(i32 %x) nounwind, !map !13

]]></Node>
<StgValue><ssdm name="specbitsmap_ln0"/></StgValue>
</operation>

<operation id="4" st_id="1" stage="1" lat="1">
<core>NULL</core>
<MemPortIdVec></MemPortIdVec>
<condition id="-1">
<or_exp><and_exp></and_exp></or_exp>
</condition>

<Node id="16" bw="0" op_0_bw="0" op_1_bw="0">
<![CDATA[
:2  call void (...)* @_ssdm_op_SpecTopModule([4 x i8]* @fir_str) nounwind

]]></Node>
<StgValue><ssdm name="spectopmodule_ln0"/></StgValue>
</operation>

<operation id="5" st_id="1" stage="1" lat="1">
<core>NULL</core>
<MemPortIdVec></MemPortIdVec>
<condition id="-1">
<or_exp><and_exp></and_exp></or_exp>
</condition>

<Node id="17" bw="32" op_0_bw="32" op_1_bw="32">
<![CDATA[
:3  %x_read = call i32 @_ssdm_op_Read.ap_auto.i32(i32 %x) nounwind

]]></Node>
<StgValue><ssdm name="x_read"/></StgValue>
</operation>

<operation id="6" st_id="1" stage="1" lat="1">
<core>NULL</core>
<MemPortIdVec></MemPortIdVec>
<condition id="-1">
<or_exp><and_exp></and_exp></or_exp>
</condition>

<Node id="18" bw="32" op_0_bw="32">
<![CDATA[
:4  %shift_reg_9_load = load i32* @shift_reg_9, align 4

]]></Node>
<StgValue><ssdm name="shift_reg_9_load"/></StgValue>
</operation>

<operation id="7" st_id="1" stage="1" lat="1">
<core>Mul</core>
<MemPortIdVec></MemPortIdVec>
<condition id="-1">
<or_exp><and_exp></and_exp></or_exp>
</condition>

<Node id="19" bw="32" op_0_bw="32" op_1_bw="32">
<![CDATA[
:5  %mul_ln22 = mul nsw i32 %shift_reg_9_load, 53

]]></Node>
<StgValue><ssdm name="mul_ln22"/></StgValue>
</operation>

<operation id="8" st_id="1" stage="1" lat="1">
<core>NULL</core>
<MemPortIdVec></MemPortIdVec>
<condition id="-1">
<or_exp><and_exp></and_exp></or_exp>
</condition>

<Node id="20" bw="32" op_0_bw="32">
<![CDATA[
:6  %shift_reg_8_load = load i32* @shift_reg_8, align 16

]]></Node>
<StgValue><ssdm name="shift_reg_8_load"/></StgValue>
</operation>

<operation id="9" st_id="1" stage="1" lat="1">
<core>NULL</core>
<MemPortIdVec></MemPortIdVec>
<condition id="-1">
<or_exp><and_exp></and_exp></or_exp>
</condition>

<Node id="21" bw="0" op_0_bw="32" op_1_bw="32" op_2_bw="32">
<![CDATA[
:7  store i32 %shift_reg_8_load, i32* @shift_reg_9, align 4

]]></Node>
<StgValue><ssdm name="store_ln21"/></StgValue>
</operation>

<operation id="10" st_id="1" stage="1" lat="1">
<core>NULL</core>
<MemPortIdVec></MemPortIdVec>
<condition id="-1">
<or_exp><and_exp></and_exp></or_exp>
</condition>

<Node id="22" bw="32" op_0_bw="32">
<![CDATA[
:8  %shift_reg_7_load = load i32* @shift_reg_7, align 4

]]></Node>
<StgValue><ssdm name="shift_reg_7_load"/></StgValue>
</operation>

<operation id="11" st_id="1" stage="1" lat="1">
<core>NULL</core>
<MemPortIdVec></MemPortIdVec>
<condition id="-1">
<or_exp><and_exp></and_exp></or_exp>
</condition>

<Node id="23" bw="0" op_0_bw="32" op_1_bw="32" op_2_bw="32">
<![CDATA[
:9  store i32 %shift_reg_7_load, i32* @shift_reg_8, align 16

]]></Node>
<StgValue><ssdm name="store_ln21"/></StgValue>
</operation>

<operation id="12" st_id="1" stage="1" lat="1">
<core>Mul</core>
<MemPortIdVec></MemPortIdVec>
<condition id="-1">
<or_exp><and_exp></and_exp></or_exp>
</condition>

<Node id="24" bw="32" op_0_bw="32" op_1_bw="32">
<![CDATA[
:10  %mul_ln22_1 = mul nsw i32 %shift_reg_7_load, -91

]]></Node>
<StgValue><ssdm name="mul_ln22_1"/></StgValue>
</operation>

<operation id="13" st_id="1" stage="1" lat="1">
<core>NULL</core>
<MemPortIdVec></MemPortIdVec>
<condition id="-1">
<or_exp><and_exp></and_exp></or_exp>
</condition>

<Node id="25" bw="32" op_0_bw="32">
<![CDATA[
:11  %shift_reg_6_load = load i32* @shift_reg_6, align 8

]]></Node>
<StgValue><ssdm name="shift_reg_6_load"/></StgValue>
</operation>

<operation id="14" st_id="1" stage="1" lat="1">
<core>NULL</core>
<MemPortIdVec></MemPortIdVec>
<condition id="-1">
<or_exp><and_exp></and_exp></or_exp>
</condition>

<Node id="26" bw="0" op_0_bw="32" op_1_bw="32" op_2_bw="32">
<![CDATA[
:12  store i32 %shift_reg_6_load, i32* @shift_reg_7, align 4

]]></Node>
<StgValue><ssdm name="store_ln21"/></StgValue>
</operation>

<operation id="15" st_id="1" stage="1" lat="1">
<core>NULL</core>
<MemPortIdVec></MemPortIdVec>
<condition id="-1">
<or_exp><and_exp></and_exp></or_exp>
</condition>

<Node id="27" bw="32" op_0_bw="32">
<![CDATA[
:13  %shift_reg_5_load = load i32* @shift_reg_5, align 4

]]></Node>
<StgValue><ssdm name="shift_reg_5_load"/></StgValue>
</operation>

<operation id="16" st_id="1" stage="1" lat="1">
<core>NULL</core>
<MemPortIdVec></MemPortIdVec>
<condition id="-1">
<or_exp><and_exp></and_exp></or_exp>
</condition>

<Node id="28" bw="0" op_0_bw="32" op_1_bw="32" op_2_bw="32">
<![CDATA[
:14  store i32 %shift_reg_5_load, i32* @shift_reg_6, align 8

]]></Node>
<StgValue><ssdm name="store_ln21"/></StgValue>
</operation>

<operation id="17" st_id="1" stage="1" lat="1">
<core>Mul</core>
<MemPortIdVec></MemPortIdVec>
<condition id="-1">
<or_exp><and_exp></and_exp></or_exp>
</condition>

<Node id="29" bw="32" op_0_bw="32" op_1_bw="32">
<![CDATA[
:15  %mul_ln22_2 = mul nsw i32 %shift_reg_5_load, 313

]]></Node>
<StgValue><ssdm name="mul_ln22_2"/></StgValue>
</operation>

<operation id="18" st_id="1" stage="1" lat="1">
<core>NULL</core>
<MemPortIdVec></MemPortIdVec>
<condition id="-1">
<or_exp><and_exp></and_exp></or_exp>
</condition>

<Node id="30" bw="32" op_0_bw="32">
<![CDATA[
:16  %shift_reg_4_load = load i32* @shift_reg_4, align 16

]]></Node>
<StgValue><ssdm name="shift_reg_4_load"/></StgValue>
</operation>

<operation id="19" st_id="1" stage="1" lat="1">
<core>NULL</core>
<MemPortIdVec></MemPortIdVec>
<condition id="-1">
<or_exp><and_exp></and_exp></or_exp>
</condition>

<Node id="31" bw="0" op_0_bw="32" op_1_bw="32" op_2_bw="32">
<![CDATA[
:17  store i32 %shift_reg_4_load, i32* @shift_reg_5, align 4

]]></Node>
<StgValue><ssdm name="store_ln21"/></StgValue>
</operation>

<operation id="20" st_id="1" stage="1" lat="1">
<core>Mul</core>
<MemPortIdVec></MemPortIdVec>
<condition id="-1">
<or_exp><and_exp></and_exp></or_exp>
</condition>

<Node id="32" bw="32" op_0_bw="32" op_1_bw="32">
<![CDATA[
:18  %mul_ln22_3 = mul nsw i32 %shift_reg_4_load, 500

]]></Node>
<StgValue><ssdm name="mul_ln22_3"/></StgValue>
</operation>

<operation id="21" st_id="1" stage="1" lat="1">
<core>NULL</core>
<MemPortIdVec></MemPortIdVec>
<condition id="-1">
<or_exp><and_exp></and_exp></or_exp>
</condition>

<Node id="33" bw="32" op_0_bw="32">
<![CDATA[
:19  %shift_reg_3_load = load i32* @shift_reg_3, align 4

]]></Node>
<StgValue><ssdm name="shift_reg_3_load"/></StgValue>
</operation>

<operation id="22" st_id="1" stage="1" lat="1">
<core>NULL</core>
<MemPortIdVec></MemPortIdVec>
<condition id="-1">
<or_exp><and_exp></and_exp></or_exp>
</condition>

<Node id="34" bw="0" op_0_bw="32" op_1_bw="32" op_2_bw="32">
<![CDATA[
:20  store i32 %shift_reg_3_load, i32* @shift_reg_4, align 16

]]></Node>
<StgValue><ssdm name="store_ln21"/></StgValue>
</operation>

<operation id="23" st_id="1" stage="1" lat="1">
<core>Mul</core>
<MemPortIdVec></MemPortIdVec>
<condition id="-1">
<or_exp><and_exp></and_exp></or_exp>
</condition>

<Node id="35" bw="32" op_0_bw="32" op_1_bw="32">
<![CDATA[
:21  %mul_ln22_4 = mul nsw i32 %shift_reg_3_load, 313

]]></Node>
<StgValue><ssdm name="mul_ln22_4"/></StgValue>
</operation>

<operation id="24" st_id="1" stage="1" lat="1">
<core>NULL</core>
<MemPortIdVec></MemPortIdVec>
<condition id="-1">
<or_exp><and_exp></and_exp></or_exp>
</condition>

<Node id="36" bw="32" op_0_bw="32">
<![CDATA[
:22  %shift_reg_2_load = load i32* @shift_reg_2, align 8

]]></Node>
<StgValue><ssdm name="shift_reg_2_load"/></StgValue>
</operation>

<operation id="25" st_id="1" stage="1" lat="1">
<core>NULL</core>
<MemPortIdVec></MemPortIdVec>
<condition id="-1">
<or_exp><and_exp></and_exp></or_exp>
</condition>

<Node id="37" bw="0" op_0_bw="32" op_1_bw="32" op_2_bw="32">
<![CDATA[
:23  store i32 %shift_reg_2_load, i32* @shift_reg_3, align 4

]]></Node>
<StgValue><ssdm name="store_ln21"/></StgValue>
</operation>

<operation id="26" st_id="1" stage="1" lat="1">
<core>NULL</core>
<MemPortIdVec></MemPortIdVec>
<condition id="-1">
<or_exp><and_exp></and_exp></or_exp>
</condition>

<Node id="38" bw="32" op_0_bw="32">
<![CDATA[
:24  %shift_reg_1_load = load i32* @shift_reg_1, align 4

]]></Node>
<StgValue><ssdm name="shift_reg_1_load"/></StgValue>
</operation>

<operation id="27" st_id="1" stage="1" lat="1">
<core>NULL</core>
<MemPortIdVec></MemPortIdVec>
<condition id="-1">
<or_exp><and_exp></and_exp></or_exp>
</condition>

<Node id="39" bw="0" op_0_bw="32" op_1_bw="32" op_2_bw="32">
<![CDATA[
:25  store i32 %shift_reg_1_load, i32* @shift_reg_2, align 8

]]></Node>
<StgValue><ssdm name="store_ln21"/></StgValue>
</operation>

<operation id="28" st_id="1" stage="1" lat="1">
<core>Mul</core>
<MemPortIdVec></MemPortIdVec>
<condition id="-1">
<or_exp><and_exp></and_exp></or_exp>
</condition>

<Node id="40" bw="32" op_0_bw="32" op_1_bw="32">
<![CDATA[
:26  %mul_ln22_5 = mul nsw i32 %shift_reg_1_load, -91

]]></Node>
<StgValue><ssdm name="mul_ln22_5"/></StgValue>
</operation>

<operation id="29" st_id="1" stage="1" lat="1">
<core>NULL</core>
<MemPortIdVec></MemPortIdVec>
<condition id="-1">
<or_exp><and_exp></and_exp></or_exp>
</condition>

<Node id="41" bw="32" op_0_bw="32">
<![CDATA[
:27  %shift_reg_0_load = load i32* @shift_reg_0, align 16

]]></Node>
<StgValue><ssdm name="shift_reg_0_load"/></StgValue>
</operation>

<operation id="30" st_id="1" stage="1" lat="1">
<core>NULL</core>
<MemPortIdVec></MemPortIdVec>
<condition id="-1">
<or_exp><and_exp></and_exp></or_exp>
</condition>

<Node id="42" bw="0" op_0_bw="32" op_1_bw="32" op_2_bw="32">
<![CDATA[
:28  store i32 %shift_reg_0_load, i32* @shift_reg_1, align 4

]]></Node>
<StgValue><ssdm name="store_ln21"/></StgValue>
</operation>

<operation id="31" st_id="1" stage="1" lat="1">
<core>Mul</core>
<MemPortIdVec></MemPortIdVec>
<condition id="-1">
<or_exp><and_exp></and_exp></or_exp>
</condition>

<Node id="43" bw="32" op_0_bw="32" op_1_bw="32">
<![CDATA[
:29  %mul_ln24 = mul nsw i32 %x_read, 53

]]></Node>
<StgValue><ssdm name="mul_ln24"/></StgValue>
</operation>

<operation id="32" st_id="1" stage="1" lat="1">
<core>AddSub</core>
<MemPortIdVec></MemPortIdVec>
<condition id="-1">
<or_exp><and_exp></and_exp></or_exp>
</condition>

<Node id="44" bw="32" op_0_bw="32" op_1_bw="32">
<![CDATA[
:30  %add_ln24 = add i32 %mul_ln22_1, %mul_ln22_2

]]></Node>
<StgValue><ssdm name="add_ln24"/></StgValue>
</operation>

<operation id="33" st_id="1" stage="1" lat="1">
<core>TAddSub</core>
<MemPortIdVec></MemPortIdVec>
<condition id="-1">
<or_exp><and_exp></and_exp></or_exp>
</condition>

<Node id="45" bw="32" op_0_bw="32" op_1_bw="32">
<![CDATA[
:31  %add_ln24_1 = add i32 %add_ln24, %mul_ln22

]]></Node>
<StgValue><ssdm name="add_ln24_1"/></StgValue>
</operation>

<operation id="34" st_id="1" stage="1" lat="1">
<core>TAddSub</core>
<MemPortIdVec></MemPortIdVec>
<condition id="-1">
<or_exp><and_exp></and_exp></or_exp>
</condition>

<Node id="46" bw="32" op_0_bw="32" op_1_bw="32">
<![CDATA[
:32  %add_ln24_2 = add i32 %mul_ln22_3, %mul_ln22_4

]]></Node>
<StgValue><ssdm name="add_ln24_2"/></StgValue>
</operation>

<operation id="35" st_id="1" stage="1" lat="1">
<core>AddSub</core>
<MemPortIdVec></MemPortIdVec>
<condition id="-1">
<or_exp><and_exp></and_exp></or_exp>
</condition>

<Node id="47" bw="32" op_0_bw="32" op_1_bw="32">
<![CDATA[
:33  %add_ln24_3 = add i32 %mul_ln22_5, %mul_ln24

]]></Node>
<StgValue><ssdm name="add_ln24_3"/></StgValue>
</operation>

<operation id="36" st_id="1" stage="1" lat="1">
<core>TAddSub</core>
<MemPortIdVec></MemPortIdVec>
<condition id="-1">
<or_exp><and_exp></and_exp></or_exp>
</condition>

<Node id="48" bw="32" op_0_bw="32" op_1_bw="32">
<![CDATA[
:34  %add_ln24_4 = add i32 %add_ln24_3, %add_ln24_2

]]></Node>
<StgValue><ssdm name="add_ln24_4"/></StgValue>
</operation>

<operation id="37" st_id="1" stage="1" lat="1">
<core>TAddSub</core>
<MemPortIdVec></MemPortIdVec>
<condition id="-1">
<or_exp><and_exp></and_exp></or_exp>
</condition>

<Node id="49" bw="32" op_0_bw="32" op_1_bw="32">
<![CDATA[
:35  %acc = add nsw i32 %add_ln24_4, %add_ln24_1

]]></Node>
<StgValue><ssdm name="acc"/></StgValue>
</operation>

<operation id="38" st_id="1" stage="1" lat="1">
<core>NULL</core>
<MemPortIdVec></MemPortIdVec>
<condition id="-1">
<or_exp><and_exp></and_exp></or_exp>
</condition>

<Node id="50" bw="0" op_0_bw="32" op_1_bw="32" op_2_bw="32">
<![CDATA[
:36  store i32 %x_read, i32* @shift_reg_0, align 16

]]></Node>
<StgValue><ssdm name="store_ln25"/></StgValue>
</operation>

<operation id="39" st_id="1" stage="1" lat="1">
<core>NULL</core>
<MemPortIdVec></MemPortIdVec>
<condition id="-1">
<or_exp><and_exp></and_exp></or_exp>
</condition>

<Node id="51" bw="0" op_0_bw="0" op_1_bw="32" op_2_bw="32">
<![CDATA[
:37  call void @_ssdm_op_Write.ap_auto.i32P(i32* %y, i32 %acc) nounwind

]]></Node>
<StgValue><ssdm name="write_ln26"/></StgValue>
</operation>

<operation id="40" st_id="1" stage="1" lat="1">
<core>NULL</core>
<MemPortIdVec></MemPortIdVec>
<condition id="-1">
<or_exp><and_exp></and_exp></or_exp>
</condition>

<Node id="52" bw="0">
<![CDATA[
:38  ret void

]]></Node>
<StgValue><ssdm name="ret_ln27"/></StgValue>
</operation>
</state>
</state_list>


<ports>
</ports>


<dataflows>
</dataflows>


</stg>
