<annotationInfo>
<annotationInfo>
<item  id="19" filename="fir_filter/fir.cpp" linenumber="22" name="mul_ln22" contextFuncName="fir" moduleName="fir" rtlName="mul_ln22_fu_59_p2" latency="0" BRAM="-1" DSP="2" FF="0" LUT="20" fileDirectory="C:\Users\giann\AppData\Roaming\Xilinx\Vivado"><\/item>
<item  id="24" filename="fir_filter/fir.cpp" linenumber="22" name="mul_ln22_1" contextFuncName="fir" moduleName="fir" rtlName="mul_ln22_1_fu_85_p2" latency="0" BRAM="-1" DSP="2" FF="0" LUT="20" fileDirectory="C:\Users\giann\AppData\Roaming\Xilinx\Vivado"><\/item>
<item  id="29" filename="fir_filter/fir.cpp" linenumber="22" name="mul_ln22_2" contextFuncName="fir" moduleName="fir" rtlName="mul_ln22_2_fu_111_p2" latency="0" BRAM="-1" DSP="2" FF="0" LUT="20" fileDirectory="C:\Users\giann\AppData\Roaming\Xilinx\Vivado"><\/item>
<item  id="32" filename="fir_filter/fir.cpp" linenumber="22" name="mul_ln22_3" contextFuncName="fir" moduleName="fir" rtlName="mul_ln22_3_fu_127_p2" latency="0" BRAM="-1" DSP="2" FF="0" LUT="20" fileDirectory="C:\Users\giann\AppData\Roaming\Xilinx\Vivado"><\/item>
<item  id="35" filename="fir_filter/fir.cpp" linenumber="22" name="mul_ln22_4" contextFuncName="fir" moduleName="fir" rtlName="mul_ln22_4_fu_143_p2" latency="0" BRAM="-1" DSP="2" FF="0" LUT="20" fileDirectory="C:\Users\giann\AppData\Roaming\Xilinx\Vivado"><\/item>
<item  id="40" filename="fir_filter/fir.cpp" linenumber="22" name="mul_ln22_5" contextFuncName="fir" moduleName="fir" rtlName="mul_ln22_5_fu_169_p2" latency="0" BRAM="-1" DSP="2" FF="0" LUT="20" fileDirectory="C:\Users\giann\AppData\Roaming\Xilinx\Vivado"><\/item>
<item  id="43" filename="fir_filter/fir.cpp" linenumber="24" name="mul_ln24" contextFuncName="fir" moduleName="fir" rtlName="mul_ln24_fu_185_p2" latency="0" BRAM="-1" DSP="2" FF="0" LUT="20" fileDirectory="C:\Users\giann\AppData\Roaming\Xilinx\Vivado"><\/item>
<item  id="44" filename="fir_filter/fir.cpp" linenumber="24" name="add_ln24" contextFuncName="fir" moduleName="fir" rtlName="add_ln24_fu_191_p2" latency="0" BRAM="-1" DSP="-1" FF="0" LUT="32" fileDirectory="C:\Users\giann\AppData\Roaming\Xilinx\Vivado"><\/item>
<item  id="45" filename="fir_filter/fir.cpp" linenumber="24" name="add_ln24_1" contextFuncName="fir" moduleName="fir" rtlName="add_ln24_1_fu_197_p2" latency="0" BRAM="-1" DSP="-1" FF="0" LUT="32" fileDirectory="C:\Users\giann\AppData\Roaming\Xilinx\Vivado"><\/item>
<item  id="46" filename="fir_filter/fir.cpp" linenumber="24" name="add_ln24_2" contextFuncName="fir" moduleName="fir" rtlName="add_ln24_2_fu_203_p2" latency="0" BRAM="-1" DSP="-1" FF="0" LUT="32" fileDirectory="C:\Users\giann\AppData\Roaming\Xilinx\Vivado"><\/item>
<item  id="47" filename="fir_filter/fir.cpp" linenumber="24" name="add_ln24_3" contextFuncName="fir" moduleName="fir" rtlName="add_ln24_3_fu_209_p2" latency="0" BRAM="-1" DSP="-1" FF="0" LUT="32" fileDirectory="C:\Users\giann\AppData\Roaming\Xilinx\Vivado"><\/item>
<item  id="48" filename="fir_filter/fir.cpp" linenumber="24" name="add_ln24_4" contextFuncName="fir" moduleName="fir" rtlName="add_ln24_4_fu_215_p2" latency="0" BRAM="-1" DSP="-1" FF="0" LUT="32" fileDirectory="C:\Users\giann\AppData\Roaming\Xilinx\Vivado"><\/item>
<item  id="49" filename="fir_filter/fir.cpp" linenumber="24" name="acc" contextFuncName="fir" moduleName="fir" rtlName="y" latency="0" BRAM="-1" DSP="-1" FF="0" LUT="32" fileDirectory="C:\Users\giann\AppData\Roaming\Xilinx\Vivado"><\/item>
<\/annotationInfo>
</annotationInfo>
