<stg><name>fir</name>


<trans_list>
</trans_list>



<state_list>

<state id="1" st_id="1">

<operation id="2" st_id="1" stage="1" lat="1">
<core>NULL</core>
<MemPortIdVec></MemPortIdVec>
<condition id="-1">
<or_exp><and_exp></and_exp></or_exp>
</condition>

<Node id="14" bw="0" op_0_bw="0" op_1_bw="32">
<![CDATA[
:0  call void (...)* @_ssdm_op_SpecBitsMap(i32* %y) nounwind, !map !7

]]></Node>
<StgValue><ssdm name="specbitsmap_ln0"/></StgValue>
</operation>

<operation id="3" st_id="1" stage="1" lat="1">
<core>NULL</core>
<MemPortIdVec></MemPortIdVec>
<condition id="-1">
<or_exp><and_exp></and_exp></or_exp>
</condition>

<Node id="15" bw="0" op_0_bw="0" op_1_bw="32">
<![CDATA[
:1  call void (...)* @_ssdm_op_SpecBitsMap(i32 %x) nounwind, !map !13

]]></Node>
<StgValue><ssdm name="specbitsmap_ln0"/></StgValue>
</operation>

<operation id="4" st_id="1" stage="1" lat="1">
<core>NULL</core>
<MemPortIdVec></MemPortIdVec>
<condition id="-1">
<or_exp><and_exp></and_exp></or_exp>
</condition>

<Node id="16" bw="0" op_0_bw="0" op_1_bw="0">
<![CDATA[
:2  call void (...)* @_ssdm_op_SpecTopModule([4 x i8]* @fir_str) nounwind

]]></Node>
<StgValue><ssdm name="spectopmodule_ln0"/></StgValue>
</operation>

<operation id="5" st_id="1" stage="1" lat="1">
<core>NULL</core>
<MemPortIdVec></MemPortIdVec>
<condition id="-1">
<or_exp><and_exp></and_exp></or_exp>
</condition>

<Node id="17" bw="32" op_0_bw="32" op_1_bw="32">
<![CDATA[
:3  %x_read = call i32 @_ssdm_op_Read.ap_auto.i32(i32 %x) nounwind

]]></Node>
<StgValue><ssdm name="x_read"/></StgValue>
</operation>

<operation id="6" st_id="1" stage="1" lat="1">
<core>NULL</core>
<MemPortIdVec></MemPortIdVec>
<condition id="-1">
<or_exp><and_exp></and_exp></or_exp>
</condition>

<Node id="18" bw="32" op_0_bw="32">
<![CDATA[
:4  %shift_reg_9_load = load i32* @shift_reg_9, align 4

]]></Node>
<StgValue><ssdm name="shift_reg_9_load"/></StgValue>
</operation>

<operation id="7" st_id="1" stage="1" lat="1">
<core>Mul</core>
<MemPortIdVec></MemPortIdVec>
<condition id="-1">
<or_exp><and_exp></and_exp></or_exp>
</condition>

<Node id="19" bw="32" op_0_bw="32" op_1_bw="32">
<![CDATA[
:5  %mul_ln22 = mul nsw i32 %shift_reg_9_load, 53

]]></Node>
<StgValue><ssdm name="mul_ln22"/></StgValue>
</operation>

<operation id="8" st_id="1" stage="1" lat="1">
<core>NULL</core>
<MemPortIdVec></MemPortIdVec>
<condition id="-1">
<or_exp><and_exp></and_exp></or_exp>
</condition>

<Node id="20" bw="32" op_0_bw="32">
<![CDATA[
:6  %shift_reg_8_load = load i32* @shift_reg_8, align 16

]]></Node>
<StgValue><ssdm name="shift_reg_8_load"/></StgValue>
</operation>

<operation id="9" st_id="1" stage="1" lat="1">
<core>NULL</core>
<MemPortIdVec></MemPortIdVec>
<condition id="-1">
<or_exp><and_exp></and_exp></or_exp>
</condition>

<Node id="21" bw="0" op_0_bw="32" op_1_bw="32" op_2_bw="32">
<![CDATA[
:7  store i32 %shift_reg_8_load, i32* @shift_reg_9, align 4

]]></Node>
<StgValue><ssdm name="store_ln21"/></StgValue>
</operation>

<operation id="10" st_id="1" stage="1" lat="1">
<core>NULL</core>
<MemPortIdVec></MemPortIdVec>
<condition id="-1">
<or_exp><and_exp></and_exp></or_exp>
</condition>

<Node id="22" bw="32" op_0_bw="32">
<![CDATA[
:8  %shift_reg_7_load = load i32* @shift_reg_7, align 4

]]></Node>
<StgValue><ssdm name="shift_reg_7_load"/></StgValue>
</operation>

<operation id="11" st_id="1" stage="1" lat="1">
<core>NULL</core>
<MemPortIdVec></MemPortIdVec>
<condition id="-1">
<or_exp><and_exp></and_exp></or_exp>
</condition>

<Node id="23" bw="0" op_0_bw="32" op_1_bw="32" op_2_bw="32">
<![CDATA[
:9  store i32 %shift_reg_7_load, i32* @shift_reg_8, align 16

]]></Node>
<StgValue><ssdm name="store_ln21"/></StgValue>
</operation>

<operation id="12" st_id="1" stage="1" lat="1">
<core>Mul</core>
<MemPortIdVec></MemPortIdVec>
<condition id="-1">
<or_exp><and_exp></and_exp></or_exp>
</condition>

<Node id="24" bw="32" op_0_bw="32" op_1_bw="32">
<![CDATA[
:10  %mul_ln22_1 = mul nsw i32 %shift_reg_7_load, -91

]]></Node>
<StgValue><ssdm name="mul_ln22_1"/></StgValue>
</operation>

<operation id="13" st_id="1" stage="1" lat="1">
<core>NULL</core>
<MemPortIdVec></MemPortIdVec>
<condition id="-1">
<or_exp><and_exp></and_exp></or_exp>
</condition>

<Node id="25" bw="32" op_0_bw="32">
<![CDATA[
:11  %shift_reg_6_load = load i32* @shift_reg_6, align 8

]]></Node>
<StgValue><ssdm name="shift_reg_6_load"/></StgValue>
</operation>

<operation id="14" st_id="1" stage="1" lat="1">
<core>NULL</core>
<MemPortIdVec></MemPortIdVec>
<condition id="-1">
<or_exp><and_exp></and_exp></or_exp>
</condition>

<Node id="26" bw="0" op_0_bw="32" op_1_bw="32" op_2_bw="32">
<![CDATA[
:12  store i32 %shift_reg_6_load, i32* @shift_reg_7, align 4

]]></Node>
<StgValue><ssdm name="store_ln21"/></StgValue>
</operation>

<operation id="15" st_id="1" stage="1" lat="1">
<core>NULL</core>
<MemPortIdVec></MemPortIdVec>
<condition id="-1">
<or_exp><and_exp></and_exp></or_exp>
</condition>

<Node id="27" bw="32" op_0_bw="32">
<![CDATA[
:13  %shift_reg_5_load = load i32* @shift_reg_5, align 4

]]></Node>
<StgValue><ssdm name="shift_reg_5_load"/></StgValue>
</operation>

<operation id="16" st_id="1" stage="1" lat="1">
<core>NULL</core>
<MemPortIdVec></MemPortIdVec>
<condition id="-1">
<or_exp><and_exp></and_exp></or_exp>
</condition>

<Node id="28" bw="0" op_0_bw="32" op_1_bw="32" op_2_bw="32">
<![CDATA[
:14  store i32 %shift_reg_5_load, i32* @shift_reg_6, align 8

]]></Node>
<StgValue><ssdm name="store_ln21"/></StgValue>
</operation>

<operation id="17" st_id="1" stage="1" lat="1">
<core>Mul</core>
<MemPortIdVec></MemPortIdVec>
<condition id="-1">
<or_exp><and_exp></and_exp></or_exp>
</condition>

<Node id="29" bw="32" op_0_bw="32" op_1_bw="32">
<![CDATA[
:15  %mul_ln22_2 = mul nsw i32 %shift_reg_5_load, 313

]]></Node>
<StgValue><ssdm name="mul_ln22_2"/></StgValue>
</operation>

<operation id="18" st_id="1" stage="1" lat="1">
<core>NULL</core>
<MemPortIdVec></MemPortIdVec>
<condition id="-1">
<or_exp><and_exp></and_exp></or_exp>
</condition>

<Node id="30" bw="32" op_0_bw="32">
<![CDATA[
:16  %shift_reg_4_load = load i32* @shift_reg_4, align 16

]]></Node>
<StgValue><ssdm name="shift_reg_4_load"/></StgValue>
</operation>

<operation id="19" st_id="1" stage="1" lat="1">
<core>NULL</core>
<MemPortIdVec></MemPortIdVec>
<condition id="-1">
<or_exp><and_exp></and_exp></or_exp>
</condition>

<Node id="31" bw="0" op_0_bw="32" op_1_bw="32" op_2_bw="32">
<![CDATA[
:17  store i32 %shift_reg_4_load, i32* @shift_reg_5, align 4

]]></Node>
<StgValue><ssdm name="store_ln21"/></StgValue>
</operation>

<operation id="20" st_id="1" stage="1" lat="1">
<core>Mul</core>
<MemPortIdVec></MemPortIdVec>
<condition id="-1">
<or_exp><and_exp></and_exp></or_exp>
</condition>

<Node id="32" bw="32" op_0_bw="32" op_1_bw="32">
<![CDATA[
:18  %mul_ln22_3 = mul nsw i32 %shift_reg_4_load, 500

]]></Node>
<StgValue><ssdm name="mul_ln22_3"/></StgValue>
</operation>

<operation id="21" st_id="1" stage="1" lat="1">
<core>NULL</core>
<MemPortIdVec></MemPortIdVec>
<condition id="-1">
<or_exp><and_exp></and_exp></or_exp>
</condition>

<Node id="33" bw="32" op_0_bw="32">
<![CDATA[
:19  %shift_reg_3_load = load i32* @shift_reg_3, align 4

]]></Node>
<StgValue><ssdm name="shift_reg_3_load"/></StgValue>
</operation>

<operation id="22" st_id="1" stage="1" lat="1">
<core>NULL</core>
<MemPortIdVec></MemPortIdVec>
<condition id="-1">
<or_exp><and_exp></and_exp></or_exp>
</condition>

<Node id="34" bw="0" op_0_bw="32" op_1_bw="32" op_2_bw="32">
<![CDATA[
:20  store i32 %shift_reg_3_load, i32* @shift_reg_4, align 16

]]></Node>
<StgValue><ssdm name="store_ln21"/></StgValue>
</operation>

<operation id="23" st_id="1" stage="1" lat="1">
<core>Mul</core>
<MemPortIdVec></MemPortIdVec>
<condition id="-1">
<or_exp><and_exp></and_exp></or_exp>
</condition>

<Node id="35" bw="32" op_0_bw="32" op_1_bw="32">
<![CDATA[
:21  %mul_ln22_4 = mul nsw i32 %shift_reg_3_load, 313

]]></Node>
<StgValue><ssdm name="mul_ln22_4"/></StgValue>
</operation>

<operation id="24" st_id="1" stage="1" lat="1">
<core>NULL</core>
<MemPortIdVec></MemPortIdVec>
<condition id="-1">
<or_exp><and_exp></and_exp></or_exp>
</condition>

<Node id="36" bw="32" op_0_bw="32">
<![CDATA[
:22  %shift_reg_2_load = load i32* @shift_reg_2, align 8

]]></Node>
<StgValue><ssdm name="shift_reg_2_load"/></StgValue>
</operation>

<operation id="25" st_id="1" stage="1" lat="1">
<core>NULL</core>
<MemPortIdVec></MemPortIdVec>
<condition id="-1">
<or_exp><and_exp></and_exp></or_exp>
</condition>

<Node id="37" bw="0" op_0_bw="32" op_1_bw="32" op_2_bw="32">
<![CDATA[
:23  store i32 %shift_reg_2_load, i32* @shift_reg_3, align 4

]]></Node>
<StgValue><ssdm name="store_ln21"/></StgValue>
</operation>

<operation id="26" st_id="1" stage="1" lat="1">
<core>NULL</core>
<MemPortIdVec></MemPortIdVec>
<condition id="-1">
<or_exp><and_exp></and_exp></or_exp>
</condition>

<Node id="38" bw="32" op_0_bw="32">
<![CDATA[
:24  %shift_reg_1_load = load i32* @shift_reg_1, align 4

]]></Node>
<StgValue><ssdm name="shift_reg_1_load"/></StgValue>
</operation>

<operation id="27" st_id="1" stage="1" lat="1">
<core>NULL</core>
<MemPortIdVec></MemPortIdVec>
<condition id="-1">
<or_exp><and_exp></and_exp></or_exp>
</condition>

<Node id="39" bw="0" op_0_bw="32" op_1_bw="32" op_2_bw="32">
<![CDATA[
:25  store i32 %shift_reg_1_load, i32* @shift_reg_2, align 8

]]></Node>
<StgValue><ssdm name="store_ln21"/></StgValue>
</operation>

<operation id="28" st_id="1" stage="1" lat="1">
<core>Mul</core>
<MemPortIdVec></MemPortIdVec>
<condition id="-1">
<or_exp><and_exp></and_exp></or_exp>
</condition>

<Node id="40" bw="32" op_0_bw="32" op_1_bw="32">
<![CDATA[
:26  %mul_ln22_5 = mul nsw i32 %shift_reg_1_load, -91

]]></Node>
<StgValue><ssdm name="mul_ln22_5"/></StgValue>
</operation>

<operation id="29" st_id="1" stage="1" lat="1">
<core>NULL</core>
<MemPortIdVec></MemPortIdVec>
<condition id="-1">
<or_exp><and_exp></and_exp></or_exp>
</condition>

<Node id="41" bw="32" op_0_bw="32">
<![CDATA[
:27  %shift_reg_0_load = load i32* @shift_reg_0, align 16

]]></Node>
<StgValue><ssdm name="shift_reg_0_load"/></StgValue>
</operation>

<operation id="30" st_id="1" stage="1" lat="1">
<core>NULL</core>
<MemPortIdVec></MemPortIdVec>
<condition id="-1">
<or_exp><and_exp></and_exp></or_exp>
</condition>

<Node id="42" bw="0" op_0_bw="32" op_1_bw="32" op_2_bw="32">
<![CDATA[
:28  store i32 %shift_reg_0_load, i32* @shift_reg_1, align 4

]]></Node>
<StgValue><ssdm name="store_ln21"/></StgValue>
</operation>

<operation id="31" st_id="1" stage="1" lat="1">
<core>Mul</core>
<MemPortIdVec></MemPortIdVec>
<condition id="-1">
<or_exp><and_exp></and_exp></or_exp>
</condition>

<Node id="43" bw="32" op_0_bw="32" op_1_bw="32">
<![CDATA[
:29  %mul_ln24 = mul nsw i32 %x_read, 53

]]></Node>
<StgValue><ssdm name="mul_ln24"/></StgValue>
</operation>

<operation id="32" st_id="1" stage="1" lat="1">
<core>AddSub</core>
<MemPortIdVec></MemPortIdVec>
<condition id="-1">
<or_exp><and_exp></and_exp></or_exp>
</condition>

<Node id="44" bw="32" op_0_bw="32" op_1_bw="32">
<![CDATA[
:30  %add_ln24 = add i32 %mul_ln22_1, %mul_ln22_2

]]></Node>
<StgValue><ssdm name="add_ln24"/></StgValue>
</operation>

<operation id="33" st_id="1" stage="1" lat="1">
<core>TAddSub</core>
<MemPortIdVec></MemPortIdVec>
<condition id="-1">
<or_exp><and_exp></and_exp></or_exp>
</condition>

<Node id="45" bw="32" op_0_bw="32" op_1_bw="32">
<![CDATA[
:31  %add_ln24_1 = add i32 %add_ln24, %mul_ln22

]]></Node>
<StgValue><ssdm name="add_ln24_1"/></StgValue>
</operation>

<operation id="34" st_id="1" stage="1" lat="1">
<core>TAddSub</core>
<MemPortIdVec></MemPortIdVec>
<condition id="-1">
<or_exp><and_exp></and_exp></or_exp>
</condition>

<Node id="46" bw="32" op_0_bw="32" op_1_bw="32">
<![CDATA[
:32  %add_ln24_2 = add i32 %mul_ln22_3, %mul_ln22_4

]]></Node>
<StgValue><ssdm name="add_ln24_2"/></StgValue>
</operation>

<operation id="35" st_id="1" stage="1" lat="1">
<core>AddSub</core>
<MemPortIdVec></MemPortIdVec>
<condition id="-1">
<or_exp><and_exp></and_exp></or_exp>
</condition>

<Node id="47" bw="32" op_0_bw="32" op_1_bw="32">
<![CDATA[
:33  %add_ln24_3 = add i32 %mul_ln22_5, %mul_ln24

]]></Node>
<StgValue><ssdm name="add_ln24_3"/></StgValue>
</operation>

<operation id="36" st_id="1" stage="1" lat="1">
<core>TAddSub</core>
<MemPortIdVec></MemPortIdVec>
<condition id="-1">
<or_exp><and_exp></and_exp></or_exp>
</condition>

<Node id="48" bw="32" op_0_bw="32" op_1_bw="32">
<![CDATA[
:34  %add_ln24_4 = add i32 %add_ln24_3, %add_ln24_2

]]></Node>
<StgValue><ssdm name="add_ln24_4"/></StgValue>
</operation>

<operation id="37" st_id="1" stage="1" lat="1">
<core>TAddSub</core>
<MemPortIdVec></MemPortIdVec>
<condition id="-1">
<or_exp><and_exp></and_exp></or_exp>
</condition>

<Node id="49" bw="32" op_0_bw="32" op_1_bw="32">
<![CDATA[
:35  %acc = add nsw i32 %add_ln24_4, %add_ln24_1

]]></Node>
<StgValue><ssdm name="acc"/></StgValue>
</operation>

<operation id="38" st_id="1" stage="1" lat="1">
<core>NULL</core>
<MemPortIdVec></MemPortIdVec>
<condition id="-1">
<or_exp><and_exp></and_exp></or_exp>
</condition>

<Node id="50" bw="0" op_0_bw="32" op_1_bw="32" op_2_bw="32">
<![CDATA[
:36  store i32 %x_read, i32* @shift_reg_0, align 16

]]></Node>
<StgValue><ssdm name="store_ln25"/></StgValue>
</operation>

<operation id="39" st_id="1" stage="1" lat="1">
<core>NULL</core>
<MemPortIdVec></MemPortIdVec>
<condition id="-1">
<or_exp><and_exp></and_exp></or_exp>
</condition>

<Node id="51" bw="0" op_0_bw="0" op_1_bw="32" op_2_bw="32">
<![CDATA[
:37  call void @_ssdm_op_Write.ap_auto.i32P(i32* %y, i32 %acc) nounwind

]]></Node>
<StgValue><ssdm name="write_ln26"/></StgValue>
</operation>

<operation id="40" st_id="1" stage="1" lat="1">
<core>NULL</core>
<MemPortIdVec></MemPortIdVec>
<condition id="-1">
<or_exp><and_exp></and_exp></or_exp>
</condition>

<Node id="52" bw="0">
<![CDATA[
:38  ret void

]]></Node>
<StgValue><ssdm name="ret_ln27"/></StgValue>
</operation>
</state>
</state_list>


<ports>
<port id="41" name="y" dir="1" iftype="0">
<core>NULL</core><StgValue><ssdm name="y"/></StgValue>
</port>
<port id="42" name="x" dir="0" iftype="0">
<core>NULL</core><StgValue><ssdm name="x"/></StgValue>
</port>
<port id="43" name="shift_reg_9" dir="2" iftype="0">
<core>NULL</core><StgValue><ssdm name="shift_reg_9"/></StgValue>
</port>
<port id="44" name="shift_reg_8" dir="2" iftype="0">
<core>NULL</core><StgValue><ssdm name="shift_reg_8"/></StgValue>
</port>
<port id="45" name="shift_reg_7" dir="2" iftype="0">
<core>NULL</core><StgValue><ssdm name="shift_reg_7"/></StgValue>
</port>
<port id="46" name="shift_reg_6" dir="2" iftype="0">
<core>NULL</core><StgValue><ssdm name="shift_reg_6"/></StgValue>
</port>
<port id="47" name="shift_reg_5" dir="2" iftype="0">
<core>NULL</core><StgValue><ssdm name="shift_reg_5"/></StgValue>
</port>
<port id="48" name="shift_reg_4" dir="2" iftype="0">
<core>NULL</core><StgValue><ssdm name="shift_reg_4"/></StgValue>
</port>
<port id="49" name="shift_reg_3" dir="2" iftype="0">
<core>NULL</core><StgValue><ssdm name="shift_reg_3"/></StgValue>
</port>
<port id="50" name="shift_reg_2" dir="2" iftype="0">
<core>NULL</core><StgValue><ssdm name="shift_reg_2"/></StgValue>
</port>
<port id="51" name="shift_reg_1" dir="2" iftype="0">
<core>NULL</core><StgValue><ssdm name="shift_reg_1"/></StgValue>
</port>
<port id="52" name="shift_reg_0" dir="2" iftype="0">
<core>NULL</core><StgValue><ssdm name="shift_reg_0"/></StgValue>
</port>
</ports>


<dataflows>
<dataflow id="54" from="_ssdm_op_SpecBitsMap" to="specbitsmap_ln0" fromId="53" toId="2">
</dataflow>
<dataflow id="55" from="y" to="specbitsmap_ln0" fromId="41" toId="2">
</dataflow>
<dataflow id="56" from="_ssdm_op_SpecBitsMap" to="specbitsmap_ln0" fromId="53" toId="3">
</dataflow>
<dataflow id="57" from="x" to="specbitsmap_ln0" fromId="42" toId="3">
</dataflow>
<dataflow id="59" from="_ssdm_op_SpecTopModule" to="spectopmodule_ln0" fromId="58" toId="4">
</dataflow>
<dataflow id="61" from="fir_str" to="spectopmodule_ln0" fromId="60" toId="4">
</dataflow>
<dataflow id="63" from="_ssdm_op_Read.ap_auto.i32" to="x_read" fromId="62" toId="5">
</dataflow>
<dataflow id="64" from="x" to="x_read" fromId="42" toId="5">
</dataflow>
<dataflow id="65" from="shift_reg_9" to="shift_reg_9_load" fromId="43" toId="6">
</dataflow>
<dataflow id="66" from="shift_reg_9_load" to="mul_ln22" fromId="6" toId="7">
</dataflow>
<dataflow id="68" from="StgValue_67" to="mul_ln22" fromId="67" toId="7">
</dataflow>
<dataflow id="69" from="shift_reg_8" to="shift_reg_8_load" fromId="44" toId="8">
</dataflow>
<dataflow id="70" from="shift_reg_8_load" to="store_ln21" fromId="8" toId="9">
</dataflow>
<dataflow id="71" from="shift_reg_9" to="store_ln21" fromId="43" toId="9">
</dataflow>
<dataflow id="72" from="shift_reg_7" to="shift_reg_7_load" fromId="45" toId="10">
</dataflow>
<dataflow id="73" from="shift_reg_7_load" to="store_ln21" fromId="10" toId="11">
</dataflow>
<dataflow id="74" from="shift_reg_8" to="store_ln21" fromId="44" toId="11">
</dataflow>
<dataflow id="75" from="shift_reg_7_load" to="mul_ln22_1" fromId="10" toId="12">
</dataflow>
<dataflow id="77" from="StgValue_76" to="mul_ln22_1" fromId="76" toId="12">
</dataflow>
<dataflow id="78" from="shift_reg_6" to="shift_reg_6_load" fromId="46" toId="13">
</dataflow>
<dataflow id="79" from="shift_reg_6_load" to="store_ln21" fromId="13" toId="14">
</dataflow>
<dataflow id="80" from="shift_reg_7" to="store_ln21" fromId="45" toId="14">
</dataflow>
<dataflow id="81" from="shift_reg_5" to="shift_reg_5_load" fromId="47" toId="15">
</dataflow>
<dataflow id="82" from="shift_reg_5_load" to="store_ln21" fromId="15" toId="16">
</dataflow>
<dataflow id="83" from="shift_reg_6" to="store_ln21" fromId="46" toId="16">
</dataflow>
<dataflow id="84" from="shift_reg_5_load" to="mul_ln22_2" fromId="15" toId="17">
</dataflow>
<dataflow id="86" from="StgValue_85" to="mul_ln22_2" fromId="85" toId="17">
</dataflow>
<dataflow id="87" from="shift_reg_4" to="shift_reg_4_load" fromId="48" toId="18">
</dataflow>
<dataflow id="88" from="shift_reg_4_load" to="store_ln21" fromId="18" toId="19">
</dataflow>
<dataflow id="89" from="shift_reg_5" to="store_ln21" fromId="47" toId="19">
</dataflow>
<dataflow id="90" from="shift_reg_4_load" to="mul_ln22_3" fromId="18" toId="20">
</dataflow>
<dataflow id="92" from="StgValue_91" to="mul_ln22_3" fromId="91" toId="20">
</dataflow>
<dataflow id="93" from="shift_reg_3" to="shift_reg_3_load" fromId="49" toId="21">
</dataflow>
<dataflow id="94" from="shift_reg_3_load" to="store_ln21" fromId="21" toId="22">
</dataflow>
<dataflow id="95" from="shift_reg_4" to="store_ln21" fromId="48" toId="22">
</dataflow>
<dataflow id="96" from="shift_reg_3_load" to="mul_ln22_4" fromId="21" toId="23">
</dataflow>
<dataflow id="97" from="StgValue_85" to="mul_ln22_4" fromId="85" toId="23">
</dataflow>
<dataflow id="98" from="shift_reg_2" to="shift_reg_2_load" fromId="50" toId="24">
</dataflow>
<dataflow id="99" from="shift_reg_2_load" to="store_ln21" fromId="24" toId="25">
</dataflow>
<dataflow id="100" from="shift_reg_3" to="store_ln21" fromId="49" toId="25">
</dataflow>
<dataflow id="101" from="shift_reg_1" to="shift_reg_1_load" fromId="51" toId="26">
</dataflow>
<dataflow id="102" from="shift_reg_1_load" to="store_ln21" fromId="26" toId="27">
</dataflow>
<dataflow id="103" from="shift_reg_2" to="store_ln21" fromId="50" toId="27">
</dataflow>
<dataflow id="104" from="shift_reg_1_load" to="mul_ln22_5" fromId="26" toId="28">
</dataflow>
<dataflow id="105" from="StgValue_76" to="mul_ln22_5" fromId="76" toId="28">
</dataflow>
<dataflow id="106" from="shift_reg_0" to="shift_reg_0_load" fromId="52" toId="29">
</dataflow>
<dataflow id="107" from="shift_reg_0_load" to="store_ln21" fromId="29" toId="30">
</dataflow>
<dataflow id="108" from="shift_reg_1" to="store_ln21" fromId="51" toId="30">
</dataflow>
<dataflow id="109" from="x_read" to="mul_ln24" fromId="5" toId="31">
</dataflow>
<dataflow id="110" from="StgValue_67" to="mul_ln24" fromId="67" toId="31">
</dataflow>
<dataflow id="111" from="mul_ln22_1" to="add_ln24" fromId="12" toId="32">
</dataflow>
<dataflow id="112" from="mul_ln22_2" to="add_ln24" fromId="17" toId="32">
</dataflow>
<dataflow id="113" from="add_ln24" to="add_ln24_1" fromId="32" toId="33">
</dataflow>
<dataflow id="114" from="mul_ln22" to="add_ln24_1" fromId="7" toId="33">
</dataflow>
<dataflow id="115" from="mul_ln22_3" to="add_ln24_2" fromId="20" toId="34">
</dataflow>
<dataflow id="116" from="mul_ln22_4" to="add_ln24_2" fromId="23" toId="34">
</dataflow>
<dataflow id="117" from="mul_ln22_5" to="add_ln24_3" fromId="28" toId="35">
</dataflow>
<dataflow id="118" from="mul_ln24" to="add_ln24_3" fromId="31" toId="35">
</dataflow>
<dataflow id="119" from="add_ln24_3" to="add_ln24_4" fromId="35" toId="36">
</dataflow>
<dataflow id="120" from="add_ln24_2" to="add_ln24_4" fromId="34" toId="36">
</dataflow>
<dataflow id="121" from="add_ln24_4" to="acc" fromId="36" toId="37">
</dataflow>
<dataflow id="122" from="add_ln24_1" to="acc" fromId="33" toId="37">
</dataflow>
<dataflow id="123" from="x_read" to="store_ln25" fromId="5" toId="38">
</dataflow>
<dataflow id="124" from="shift_reg_0" to="store_ln25" fromId="52" toId="38">
</dataflow>
<dataflow id="126" from="_ssdm_op_Write.ap_auto.i32P" to="write_ln26" fromId="125" toId="39">
</dataflow>
<dataflow id="127" from="y" to="write_ln26" fromId="41" toId="39">
</dataflow>
<dataflow id="128" from="acc" to="write_ln26" fromId="37" toId="39">
</dataflow>
</dataflows>


</stg>
