{
  "Top": "matrix_vector",
  "RtlTop": "matrix_vector",
  "RtlPrefix": "",
  "SourceLanguage": "cpp",
  "ResetStyle": "control",
  "GenerateBdFiles": "0",
  "HostMachineBits": "64",
  "Target": {
    "Family": "virtexuplus",
    "Device": "xcu200",
    "Package": "-fsgd2104",
    "Speed": "-2-e"
  },
  "HlsSolution": {
    
  },
  "Args": {
    "M": {
      "index": "0",
      "type": {
        "kinds": ["array"],
        "dataType": "int",
        "dataWidth": "32",
        "arraySizes": [
          "8",
          "8"
        ]
      }
    },
    "V_In": {
      "index": "1",
      "type": {
        "kinds": ["array"],
        "dataType": "int",
        "dataWidth": "32",
        "arraySizes": ["8"]
      }
    },
    "V_Out": {
      "index": "2",
      "type": {
        "kinds": ["array"],
        "dataType": "int",
        "dataWidth": "32",
        "arraySizes": ["8"],
        "multiInterfaceRef": [
          "V_Out_address0",
          "V_Out_d0"
        ]
      }
    }
  },
  "Return": {
    
  },
  "ClockInfo": {
    "ClockName": "ap_clk",
    "ClockPeriod": "10",
    "IsCombLogic": "0",
    "II": "x",
    "Latency": "80",
    "Uncertainty": "1.25"
  },
  "Xdc": {"OocClocks": ["create_clock -name ap_clk -period 10.000 [get_ports ap_clk]"]},
  "Ipx": {
    "Vendor": "xilinx.com",
    "Library": "hls",
    "Name": "matrix_vector",
    "Version": "1.0",
    "DisplayName": "Matrix_vector",
    "Revision": "",
    "Description": "An IP generated by Vivado HLS",
    "Taxonomy": "\/VIVADO_HLS_IP",
    "AutoFamilySupport": ""
  },
  "Files": {
    "CSource": ["..\/matrix_vector.cpp"],
    "Vhdl": [
      "impl\/vhdl\/matrix_vector_muxbkb.vhd",
      "impl\/vhdl\/matrix_vector.vhd"
    ],
    "Verilog": [
      "impl\/verilog\/matrix_vector_muxbkb.v",
      "impl\/verilog\/matrix_vector.v"
    ],
    "Misc": ["impl\/misc\/logo.png"],
    "DesignXml": "C:\/Users\/giann\/AppData\/Roaming\/Xilinx\/Vivado\/matrix_vector\/solution1\/.autopilot\/db\/matrix_vector.design.xml",
    "DebugDir": "C:\/Users\/giann\/AppData\/Roaming\/Xilinx\/Vivado\/matrix_vector\/solution1\/.debug",
    "ProtoInst": ["C:\/Users\/giann\/AppData\/Roaming\/Xilinx\/Vivado\/matrix_vector\/solution1\/.debug\/matrix_vector.protoinst"]
  },
  "SubcoreInfo": {
    "HasXpmMemory": false,
    "HasClockedDsp": false,
    "IP": []
  },
  "Interfaces": {
    "ap_clk": {
      "type": "clock",
      "ctype": {"CLK": {"Type": "bool"}},
      "bundle_name": "ap_clk",
      "bundle_role": "default",
      "reset": "ap_rst"
    },
    "ap_ctrl": {
      "type": "ap_ctrl",
      "ctrl_ports": "ap_start ap_done ap_idle ap_ready",
      "ctype": {
        "start": {"Type": "bool"},
        "done": {"Type": "bool"},
        "idle": {"Type": "bool"},
        "ready": {"Type": "bool"}
      }
    },
    "ap_rst": {
      "type": "reset",
      "polarity": "ACTIVE_HIGH",
      "ctype": {"RST": {"Type": "bool"}},
      "bundle_name": "ap_rst",
      "bundle_role": "default"
    },
    "M_0_address0": {
      "type": "data",
      "dir": "out",
      "width": "3",
      "ctype": {"DATA": {
          "Type": "null",
          "Width": "3"
        }},
      "bundle_name": "M_0",
      "bundle_role": "address0"
    },
    "M_0_q0": {
      "type": "data",
      "dir": "in",
      "width": "32",
      "ctype": {"DATA": {
          "Type": "integer signed",
          "Width": "32"
        }},
      "bundle_name": "M_0",
      "bundle_role": "q0"
    },
    "M_1_address0": {
      "type": "data",
      "dir": "out",
      "width": "3",
      "ctype": {"DATA": {
          "Type": "null",
          "Width": "3"
        }},
      "bundle_name": "M_1",
      "bundle_role": "address0"
    },
    "M_1_q0": {
      "type": "data",
      "dir": "in",
      "width": "32",
      "ctype": {"DATA": {
          "Type": "integer signed",
          "Width": "32"
        }},
      "bundle_name": "M_1",
      "bundle_role": "q0"
    },
    "M_2_address0": {
      "type": "data",
      "dir": "out",
      "width": "3",
      "ctype": {"DATA": {
          "Type": "null",
          "Width": "3"
        }},
      "bundle_name": "M_2",
      "bundle_role": "address0"
    },
    "M_2_q0": {
      "type": "data",
      "dir": "in",
      "width": "32",
      "ctype": {"DATA": {
          "Type": "integer signed",
          "Width": "32"
        }},
      "bundle_name": "M_2",
      "bundle_role": "q0"
    },
    "M_3_address0": {
      "type": "data",
      "dir": "out",
      "width": "3",
      "ctype": {"DATA": {
          "Type": "null",
          "Width": "3"
        }},
      "bundle_name": "M_3",
      "bundle_role": "address0"
    },
    "M_3_q0": {
      "type": "data",
      "dir": "in",
      "width": "32",
      "ctype": {"DATA": {
          "Type": "integer signed",
          "Width": "32"
        }},
      "bundle_name": "M_3",
      "bundle_role": "q0"
    },
    "M_4_address0": {
      "type": "data",
      "dir": "out",
      "width": "3",
      "ctype": {"DATA": {
          "Type": "null",
          "Width": "3"
        }},
      "bundle_name": "M_4",
      "bundle_role": "address0"
    },
    "M_4_q0": {
      "type": "data",
      "dir": "in",
      "width": "32",
      "ctype": {"DATA": {
          "Type": "integer signed",
          "Width": "32"
        }},
      "bundle_name": "M_4",
      "bundle_role": "q0"
    },
    "M_5_address0": {
      "type": "data",
      "dir": "out",
      "width": "3",
      "ctype": {"DATA": {
          "Type": "null",
          "Width": "3"
        }},
      "bundle_name": "M_5",
      "bundle_role": "address0"
    },
    "M_5_q0": {
      "type": "data",
      "dir": "in",
      "width": "32",
      "ctype": {"DATA": {
          "Type": "integer signed",
          "Width": "32"
        }},
      "bundle_name": "M_5",
      "bundle_role": "q0"
    },
    "M_6_address0": {
      "type": "data",
      "dir": "out",
      "width": "3",
      "ctype": {"DATA": {
          "Type": "null",
          "Width": "3"
        }},
      "bundle_name": "M_6",
      "bundle_role": "address0"
    },
    "M_6_q0": {
      "type": "data",
      "dir": "in",
      "width": "32",
      "ctype": {"DATA": {
          "Type": "integer signed",
          "Width": "32"
        }},
      "bundle_name": "M_6",
      "bundle_role": "q0"
    },
    "M_7_address0": {
      "type": "data",
      "dir": "out",
      "width": "3",
      "ctype": {"DATA": {
          "Type": "null",
          "Width": "3"
        }},
      "bundle_name": "M_7",
      "bundle_role": "address0"
    },
    "M_7_q0": {
      "type": "data",
      "dir": "in",
      "width": "32",
      "ctype": {"DATA": {
          "Type": "integer signed",
          "Width": "32"
        }},
      "bundle_name": "M_7",
      "bundle_role": "q0"
    },
    "V_In_0": {
      "type": "data",
      "dir": "in",
      "width": "32",
      "ctype": {"DATA": {
          "Type": "integer signed",
          "Width": "32"
        }},
      "bundle_name": "V_In_0",
      "bundle_role": "default"
    },
    "V_In_1": {
      "type": "data",
      "dir": "in",
      "width": "32",
      "ctype": {"DATA": {
          "Type": "integer signed",
          "Width": "32"
        }},
      "bundle_name": "V_In_1",
      "bundle_role": "default"
    },
    "V_In_2": {
      "type": "data",
      "dir": "in",
      "width": "32",
      "ctype": {"DATA": {
          "Type": "integer signed",
          "Width": "32"
        }},
      "bundle_name": "V_In_2",
      "bundle_role": "default"
    },
    "V_In_3": {
      "type": "data",
      "dir": "in",
      "width": "32",
      "ctype": {"DATA": {
          "Type": "integer signed",
          "Width": "32"
        }},
      "bundle_name": "V_In_3",
      "bundle_role": "default"
    },
    "V_In_4": {
      "type": "data",
      "dir": "in",
      "width": "32",
      "ctype": {"DATA": {
          "Type": "integer signed",
          "Width": "32"
        }},
      "bundle_name": "V_In_4",
      "bundle_role": "default"
    },
    "V_In_5": {
      "type": "data",
      "dir": "in",
      "width": "32",
      "ctype": {"DATA": {
          "Type": "integer signed",
          "Width": "32"
        }},
      "bundle_name": "V_In_5",
      "bundle_role": "default"
    },
    "V_In_6": {
      "type": "data",
      "dir": "in",
      "width": "32",
      "ctype": {"DATA": {
          "Type": "integer signed",
          "Width": "32"
        }},
      "bundle_name": "V_In_6",
      "bundle_role": "default"
    },
    "V_In_7": {
      "type": "data",
      "dir": "in",
      "width": "32",
      "ctype": {"DATA": {
          "Type": "integer signed",
          "Width": "32"
        }},
      "bundle_name": "V_In_7",
      "bundle_role": "default"
    },
    "V_Out_address0": {
      "type": "data",
      "dir": "out",
      "width": "3",
      "ctype": {"DATA": {
          "Type": "null",
          "Width": "3"
        }},
      "bundle_name": "V_Out",
      "bundle_role": "address0"
    },
    "V_Out_d0": {
      "type": "data",
      "dir": "out",
      "width": "32",
      "ctype": {"DATA": {
          "Type": "integer signed",
          "Width": "32"
        }},
      "bundle_name": "V_Out",
      "bundle_role": "d0"
    }
  },
  "RtlPorts": {
    "ap_clk": {
      "dir": "in",
      "width": "1"
    },
    "ap_rst": {
      "dir": "in",
      "width": "1"
    },
    "ap_start": {
      "dir": "in",
      "width": "1"
    },
    "ap_done": {
      "dir": "out",
      "width": "1"
    },
    "ap_idle": {
      "dir": "out",
      "width": "1"
    },
    "ap_ready": {
      "dir": "out",
      "width": "1"
    },
    "M_0_address0": {
      "dir": "out",
      "width": "3"
    },
    "M_0_ce0": {
      "dir": "out",
      "width": "1"
    },
    "M_0_q0": {
      "dir": "in",
      "width": "32"
    },
    "M_1_address0": {
      "dir": "out",
      "width": "3"
    },
    "M_1_ce0": {
      "dir": "out",
      "width": "1"
    },
    "M_1_q0": {
      "dir": "in",
      "width": "32"
    },
    "M_2_address0": {
      "dir": "out",
      "width": "3"
    },
    "M_2_ce0": {
      "dir": "out",
      "width": "1"
    },
    "M_2_q0": {
      "dir": "in",
      "width": "32"
    },
    "M_3_address0": {
      "dir": "out",
      "width": "3"
    },
    "M_3_ce0": {
      "dir": "out",
      "width": "1"
    },
    "M_3_q0": {
      "dir": "in",
      "width": "32"
    },
    "M_4_address0": {
      "dir": "out",
      "width": "3"
    },
    "M_4_ce0": {
      "dir": "out",
      "width": "1"
    },
    "M_4_q0": {
      "dir": "in",
      "width": "32"
    },
    "M_5_address0": {
      "dir": "out",
      "width": "3"
    },
    "M_5_ce0": {
      "dir": "out",
      "width": "1"
    },
    "M_5_q0": {
      "dir": "in",
      "width": "32"
    },
    "M_6_address0": {
      "dir": "out",
      "width": "3"
    },
    "M_6_ce0": {
      "dir": "out",
      "width": "1"
    },
    "M_6_q0": {
      "dir": "in",
      "width": "32"
    },
    "M_7_address0": {
      "dir": "out",
      "width": "3"
    },
    "M_7_ce0": {
      "dir": "out",
      "width": "1"
    },
    "M_7_q0": {
      "dir": "in",
      "width": "32"
    },
    "V_In_0": {
      "dir": "in",
      "width": "32"
    },
    "V_In_1": {
      "dir": "in",
      "width": "32"
    },
    "V_In_2": {
      "dir": "in",
      "width": "32"
    },
    "V_In_3": {
      "dir": "in",
      "width": "32"
    },
    "V_In_4": {
      "dir": "in",
      "width": "32"
    },
    "V_In_5": {
      "dir": "in",
      "width": "32"
    },
    "V_In_6": {
      "dir": "in",
      "width": "32"
    },
    "V_In_7": {
      "dir": "in",
      "width": "32"
    },
    "V_Out_address0": {
      "dir": "out",
      "width": "3"
    },
    "V_Out_ce0": {
      "dir": "out",
      "width": "1"
    },
    "V_Out_we0": {
      "dir": "out",
      "width": "1"
    },
    "V_Out_d0": {
      "dir": "out",
      "width": "32"
    }
  },
  "ModuleInfo": {
    "Hierarchy": {"ModuleName": "matrix_vector"},
    "Info": {"matrix_vector": {
        "FunctionProtocol": "ap_ctrl_hs",
        "isTaskLevelControl": "1",
        "isPipelined": "0",
        "isCombinational": "0",
        "isOneStateSeq": "0"
      }},
    "Metrics": {"matrix_vector": {
        "Latency": {
          "LatencyBest": "80",
          "LatencyAvg": "80",
          "LatencyWorst": "80",
          "PipelineII": "81",
          "PipelineDepth": "",
          "PipelineType": "none"
        },
        "Timing": {
          "Target": "10.00",
          "Uncertainty": "1.25",
          "Estimate": "4.849"
        },
        "Loops": [
          {
            "Name": "dot_product_loop",
            "TripCount": "8",
            "Latency": "8",
            "PipelineII": "1",
            "PipelineDepth": "2"
          },
          {
            "Name": "dot_product_loop",
            "TripCount": "8",
            "Latency": "8",
            "PipelineII": "1",
            "PipelineDepth": "2"
          },
          {
            "Name": "dot_product_loop",
            "TripCount": "8",
            "Latency": "8",
            "PipelineII": "1",
            "PipelineDepth": "2"
          },
          {
            "Name": "dot_product_loop",
            "TripCount": "8",
            "Latency": "8",
            "PipelineII": "1",
            "PipelineDepth": "2"
          },
          {
            "Name": "dot_product_loop",
            "TripCount": "8",
            "Latency": "8",
            "PipelineII": "1",
            "PipelineDepth": "2"
          },
          {
            "Name": "dot_product_loop",
            "TripCount": "8",
            "Latency": "8",
            "PipelineII": "1",
            "PipelineDepth": "2"
          },
          {
            "Name": "dot_product_loop",
            "TripCount": "8",
            "Latency": "8",
            "PipelineII": "1",
            "PipelineDepth": "2"
          },
          {
            "Name": "dot_product_loop",
            "TripCount": "8",
            "Latency": "8",
            "PipelineII": "1",
            "PipelineDepth": "2"
          }
        ],
        "Area": {
          "DSP48E": "24",
          "FF": "641",
          "LUT": "1905",
          "BRAM_18K": "0",
          "URAM": "0"
        }
      }}
  },
  "Sdx": {
    "Target": "none",
    "ProfileOption": "0",
    "ProfileType": "none",
    "XO": "",
    "KernelName": "matrix_vector",
    "EnableXoSwEmu": "1"
  },
  "GenData": {
    "DataVersion": "0.2",
    "Time": "2023-01-10 09:47:29 +0200",
    "ToolName": "vivado_hls",
    "ToolVersion": "2019.2"
  }
}
