<annotationInfo>
<annotationInfo>
<item  id="49" filename="matrix_vector/matrix_vector.cpp" linenumber="14" name="icmp_ln14" contextFuncName="matrix_vector" moduleName="matrix_vector" rtlName="icmp_ln14_fu_957_p2" latency="0" BRAM="-1" DSP="-1" FF="0" LUT="11" fileDirectory="C:\Users\giann\AppData\Roaming\Xilinx\Vivado"><\/item>
<item  id="59" filename="matrix_vector/matrix_vector.cpp" linenumber="14" name="add_ln14" contextFuncName="matrix_vector" moduleName="matrix_vector" rtlName="add_ln14_fu_963_p2" latency="0" BRAM="-1" DSP="-1" FF="0" LUT="6" fileDirectory="C:\Users\giann\AppData\Roaming\Xilinx\Vivado"><\/item>
<item  id="65" filename="matrix_vector/matrix_vector.cpp" linenumber="16" name="trunc_ln16" contextFuncName="matrix_vector" moduleName="matrix_vector" rtlName="trunc_ln16_fu_969_p1" latency="0" BRAM="-1" DSP="-1" FF="-1" LUT="-1" fileDirectory="C:\Users\giann\AppData\Roaming\Xilinx\Vivado"><\/item>
<item  id="66" filename="matrix_vector/matrix_vector.cpp" linenumber="16" name="tmp_3" contextFuncName="matrix_vector" moduleName="matrix_vector" rtlName="matrix_vector_muxbkb_U1" latency="0" BRAM="-1" DSP="-1" FF="-1" LUT="-1" fileDirectory="C:\Users\giann\AppData\Roaming\Xilinx\Vivado"><\/item>
<item  id="75" filename="matrix_vector/matrix_vector.cpp" linenumber="16" name="tmp_4" contextFuncName="matrix_vector" moduleName="matrix_vector" rtlName="matrix_vector_muxbkb_U2" latency="0" BRAM="-1" DSP="-1" FF="-1" LUT="-1" fileDirectory="C:\Users\giann\AppData\Roaming\Xilinx\Vivado"><\/item>
<item  id="76" filename="matrix_vector/matrix_vector.cpp" linenumber="16" name="mul_ln16" contextFuncName="matrix_vector" moduleName="matrix_vector" rtlName="mul_ln16_fu_1007_p2" latency="0" BRAM="-1" DSP="3" FF="0" LUT="20" fileDirectory="C:\Users\giann\AppData\Roaming\Xilinx\Vivado"><\/item>
<item  id="77" filename="matrix_vector/matrix_vector.cpp" linenumber="16" name="add_ln16" contextFuncName="matrix_vector" moduleName="matrix_vector" rtlName="add_ln16_fu_1013_p2" latency="0" BRAM="-1" DSP="-1" FF="0" LUT="32" fileDirectory="C:\Users\giann\AppData\Roaming\Xilinx\Vivado"><\/item>
<item  id="97" filename="matrix_vector/matrix_vector.cpp" linenumber="14" name="icmp_ln14_1" contextFuncName="matrix_vector" moduleName="matrix_vector" rtlName="icmp_ln14_1_fu_1019_p2" latency="0" BRAM="-1" DSP="-1" FF="0" LUT="11" fileDirectory="C:\Users\giann\AppData\Roaming\Xilinx\Vivado"><\/item>
<item  id="99" filename="matrix_vector/matrix_vector.cpp" linenumber="14" name="add_ln14_1" contextFuncName="matrix_vector" moduleName="matrix_vector" rtlName="add_ln14_1_fu_1025_p2" latency="0" BRAM="-1" DSP="-1" FF="0" LUT="6" fileDirectory="C:\Users\giann\AppData\Roaming\Xilinx\Vivado"><\/item>
<item  id="105" filename="matrix_vector/matrix_vector.cpp" linenumber="16" name="trunc_ln16_1" contextFuncName="matrix_vector" moduleName="matrix_vector" rtlName="trunc_ln16_1_fu_1031_p1" latency="0" BRAM="-1" DSP="-1" FF="-1" LUT="-1" fileDirectory="C:\Users\giann\AppData\Roaming\Xilinx\Vivado"><\/item>
<item  id="106" filename="matrix_vector/matrix_vector.cpp" linenumber="16" name="tmp_7" contextFuncName="matrix_vector" moduleName="matrix_vector" rtlName="matrix_vector_muxbkb_U3" latency="0" BRAM="-1" DSP="-1" FF="-1" LUT="-1" fileDirectory="C:\Users\giann\AppData\Roaming\Xilinx\Vivado"><\/item>
<item  id="115" filename="matrix_vector/matrix_vector.cpp" linenumber="16" name="tmp_8" contextFuncName="matrix_vector" moduleName="matrix_vector" rtlName="matrix_vector_muxbkb_U4" latency="0" BRAM="-1" DSP="-1" FF="-1" LUT="-1" fileDirectory="C:\Users\giann\AppData\Roaming\Xilinx\Vivado"><\/item>
<item  id="116" filename="matrix_vector/matrix_vector.cpp" linenumber="16" name="mul_ln16_1" contextFuncName="matrix_vector" moduleName="matrix_vector" rtlName="mul_ln16_1_fu_1069_p2" latency="0" BRAM="-1" DSP="3" FF="0" LUT="20" fileDirectory="C:\Users\giann\AppData\Roaming\Xilinx\Vivado"><\/item>
<item  id="117" filename="matrix_vector/matrix_vector.cpp" linenumber="16" name="add_ln16_1" contextFuncName="matrix_vector" moduleName="matrix_vector" rtlName="add_ln16_1_fu_1075_p2" latency="0" BRAM="-1" DSP="-1" FF="0" LUT="32" fileDirectory="C:\Users\giann\AppData\Roaming\Xilinx\Vivado"><\/item>
<item  id="137" filename="matrix_vector/matrix_vector.cpp" linenumber="14" name="icmp_ln14_2" contextFuncName="matrix_vector" moduleName="matrix_vector" rtlName="icmp_ln14_2_fu_1081_p2" latency="0" BRAM="-1" DSP="-1" FF="0" LUT="11" fileDirectory="C:\Users\giann\AppData\Roaming\Xilinx\Vivado"><\/item>
<item  id="139" filename="matrix_vector/matrix_vector.cpp" linenumber="14" name="add_ln14_2" contextFuncName="matrix_vector" moduleName="matrix_vector" rtlName="add_ln14_2_fu_1087_p2" latency="0" BRAM="-1" DSP="-1" FF="0" LUT="6" fileDirectory="C:\Users\giann\AppData\Roaming\Xilinx\Vivado"><\/item>
<item  id="145" filename="matrix_vector/matrix_vector.cpp" linenumber="16" name="trunc_ln16_2" contextFuncName="matrix_vector" moduleName="matrix_vector" rtlName="trunc_ln16_2_fu_1093_p1" latency="0" BRAM="-1" DSP="-1" FF="-1" LUT="-1" fileDirectory="C:\Users\giann\AppData\Roaming\Xilinx\Vivado"><\/item>
<item  id="146" filename="matrix_vector/matrix_vector.cpp" linenumber="16" name="tmp_10" contextFuncName="matrix_vector" moduleName="matrix_vector" rtlName="matrix_vector_muxbkb_U5" latency="0" BRAM="-1" DSP="-1" FF="-1" LUT="-1" fileDirectory="C:\Users\giann\AppData\Roaming\Xilinx\Vivado"><\/item>
<item  id="155" filename="matrix_vector/matrix_vector.cpp" linenumber="16" name="tmp_11" contextFuncName="matrix_vector" moduleName="matrix_vector" rtlName="matrix_vector_muxbkb_U6" latency="0" BRAM="-1" DSP="-1" FF="-1" LUT="-1" fileDirectory="C:\Users\giann\AppData\Roaming\Xilinx\Vivado"><\/item>
<item  id="156" filename="matrix_vector/matrix_vector.cpp" linenumber="16" name="mul_ln16_2" contextFuncName="matrix_vector" moduleName="matrix_vector" rtlName="mul_ln16_2_fu_1131_p2" latency="0" BRAM="-1" DSP="3" FF="0" LUT="20" fileDirectory="C:\Users\giann\AppData\Roaming\Xilinx\Vivado"><\/item>
<item  id="157" filename="matrix_vector/matrix_vector.cpp" linenumber="16" name="add_ln16_2" contextFuncName="matrix_vector" moduleName="matrix_vector" rtlName="add_ln16_2_fu_1137_p2" latency="0" BRAM="-1" DSP="-1" FF="0" LUT="32" fileDirectory="C:\Users\giann\AppData\Roaming\Xilinx\Vivado"><\/item>
<item  id="177" filename="matrix_vector/matrix_vector.cpp" linenumber="14" name="icmp_ln14_3" contextFuncName="matrix_vector" moduleName="matrix_vector" rtlName="icmp_ln14_3_fu_1143_p2" latency="0" BRAM="-1" DSP="-1" FF="0" LUT="11" fileDirectory="C:\Users\giann\AppData\Roaming\Xilinx\Vivado"><\/item>
<item  id="179" filename="matrix_vector/matrix_vector.cpp" linenumber="14" name="add_ln14_3" contextFuncName="matrix_vector" moduleName="matrix_vector" rtlName="add_ln14_3_fu_1149_p2" latency="0" BRAM="-1" DSP="-1" FF="0" LUT="6" fileDirectory="C:\Users\giann\AppData\Roaming\Xilinx\Vivado"><\/item>
<item  id="185" filename="matrix_vector/matrix_vector.cpp" linenumber="16" name="trunc_ln16_3" contextFuncName="matrix_vector" moduleName="matrix_vector" rtlName="trunc_ln16_3_fu_1155_p1" latency="0" BRAM="-1" DSP="-1" FF="-1" LUT="-1" fileDirectory="C:\Users\giann\AppData\Roaming\Xilinx\Vivado"><\/item>
<item  id="186" filename="matrix_vector/matrix_vector.cpp" linenumber="16" name="tmp_14" contextFuncName="matrix_vector" moduleName="matrix_vector" rtlName="matrix_vector_muxbkb_U7" latency="0" BRAM="-1" DSP="-1" FF="-1" LUT="-1" fileDirectory="C:\Users\giann\AppData\Roaming\Xilinx\Vivado"><\/item>
<item  id="195" filename="matrix_vector/matrix_vector.cpp" linenumber="16" name="tmp_15" contextFuncName="matrix_vector" moduleName="matrix_vector" rtlName="matrix_vector_muxbkb_U8" latency="0" BRAM="-1" DSP="-1" FF="-1" LUT="-1" fileDirectory="C:\Users\giann\AppData\Roaming\Xilinx\Vivado"><\/item>
<item  id="196" filename="matrix_vector/matrix_vector.cpp" linenumber="16" name="mul_ln16_3" contextFuncName="matrix_vector" moduleName="matrix_vector" rtlName="mul_ln16_3_fu_1193_p2" latency="0" BRAM="-1" DSP="3" FF="0" LUT="20" fileDirectory="C:\Users\giann\AppData\Roaming\Xilinx\Vivado"><\/item>
<item  id="197" filename="matrix_vector/matrix_vector.cpp" linenumber="16" name="add_ln16_3" contextFuncName="matrix_vector" moduleName="matrix_vector" rtlName="add_ln16_3_fu_1199_p2" latency="0" BRAM="-1" DSP="-1" FF="0" LUT="32" fileDirectory="C:\Users\giann\AppData\Roaming\Xilinx\Vivado"><\/item>
<item  id="217" filename="matrix_vector/matrix_vector.cpp" linenumber="14" name="icmp_ln14_4" contextFuncName="matrix_vector" moduleName="matrix_vector" rtlName="icmp_ln14_4_fu_1205_p2" latency="0" BRAM="-1" DSP="-1" FF="0" LUT="11" fileDirectory="C:\Users\giann\AppData\Roaming\Xilinx\Vivado"><\/item>
<item  id="219" filename="matrix_vector/matrix_vector.cpp" linenumber="14" name="add_ln14_4" contextFuncName="matrix_vector" moduleName="matrix_vector" rtlName="add_ln14_4_fu_1211_p2" latency="0" BRAM="-1" DSP="-1" FF="0" LUT="6" fileDirectory="C:\Users\giann\AppData\Roaming\Xilinx\Vivado"><\/item>
<item  id="225" filename="matrix_vector/matrix_vector.cpp" linenumber="16" name="trunc_ln16_4" contextFuncName="matrix_vector" moduleName="matrix_vector" rtlName="trunc_ln16_4_fu_1217_p1" latency="0" BRAM="-1" DSP="-1" FF="-1" LUT="-1" fileDirectory="C:\Users\giann\AppData\Roaming\Xilinx\Vivado"><\/item>
<item  id="226" filename="matrix_vector/matrix_vector.cpp" linenumber="16" name="tmp_18" contextFuncName="matrix_vector" moduleName="matrix_vector" rtlName="matrix_vector_muxbkb_U9" latency="0" BRAM="-1" DSP="-1" FF="-1" LUT="-1" fileDirectory="C:\Users\giann\AppData\Roaming\Xilinx\Vivado"><\/item>
<item  id="235" filename="matrix_vector/matrix_vector.cpp" linenumber="16" name="tmp_19" contextFuncName="matrix_vector" moduleName="matrix_vector" rtlName="matrix_vector_muxbkb_U10" latency="0" BRAM="-1" DSP="-1" FF="-1" LUT="-1" fileDirectory="C:\Users\giann\AppData\Roaming\Xilinx\Vivado"><\/item>
<item  id="236" filename="matrix_vector/matrix_vector.cpp" linenumber="16" name="mul_ln16_4" contextFuncName="matrix_vector" moduleName="matrix_vector" rtlName="mul_ln16_4_fu_1255_p2" latency="0" BRAM="-1" DSP="3" FF="0" LUT="20" fileDirectory="C:\Users\giann\AppData\Roaming\Xilinx\Vivado"><\/item>
<item  id="237" filename="matrix_vector/matrix_vector.cpp" linenumber="16" name="add_ln16_4" contextFuncName="matrix_vector" moduleName="matrix_vector" rtlName="add_ln16_4_fu_1261_p2" latency="0" BRAM="-1" DSP="-1" FF="0" LUT="32" fileDirectory="C:\Users\giann\AppData\Roaming\Xilinx\Vivado"><\/item>
<item  id="257" filename="matrix_vector/matrix_vector.cpp" linenumber="14" name="icmp_ln14_5" contextFuncName="matrix_vector" moduleName="matrix_vector" rtlName="icmp_ln14_5_fu_1267_p2" latency="0" BRAM="-1" DSP="-1" FF="0" LUT="11" fileDirectory="C:\Users\giann\AppData\Roaming\Xilinx\Vivado"><\/item>
<item  id="259" filename="matrix_vector/matrix_vector.cpp" linenumber="14" name="add_ln14_5" contextFuncName="matrix_vector" moduleName="matrix_vector" rtlName="add_ln14_5_fu_1273_p2" latency="0" BRAM="-1" DSP="-1" FF="0" LUT="6" fileDirectory="C:\Users\giann\AppData\Roaming\Xilinx\Vivado"><\/item>
<item  id="265" filename="matrix_vector/matrix_vector.cpp" linenumber="16" name="trunc_ln16_5" contextFuncName="matrix_vector" moduleName="matrix_vector" rtlName="trunc_ln16_5_fu_1279_p1" latency="0" BRAM="-1" DSP="-1" FF="-1" LUT="-1" fileDirectory="C:\Users\giann\AppData\Roaming\Xilinx\Vivado"><\/item>
<item  id="266" filename="matrix_vector/matrix_vector.cpp" linenumber="16" name="tmp_22" contextFuncName="matrix_vector" moduleName="matrix_vector" rtlName="matrix_vector_muxbkb_U11" latency="0" BRAM="-1" DSP="-1" FF="-1" LUT="-1" fileDirectory="C:\Users\giann\AppData\Roaming\Xilinx\Vivado"><\/item>
<item  id="275" filename="matrix_vector/matrix_vector.cpp" linenumber="16" name="tmp_23" contextFuncName="matrix_vector" moduleName="matrix_vector" rtlName="matrix_vector_muxbkb_U12" latency="0" BRAM="-1" DSP="-1" FF="-1" LUT="-1" fileDirectory="C:\Users\giann\AppData\Roaming\Xilinx\Vivado"><\/item>
<item  id="276" filename="matrix_vector/matrix_vector.cpp" linenumber="16" name="mul_ln16_5" contextFuncName="matrix_vector" moduleName="matrix_vector" rtlName="mul_ln16_5_fu_1317_p2" latency="0" BRAM="-1" DSP="3" FF="0" LUT="20" fileDirectory="C:\Users\giann\AppData\Roaming\Xilinx\Vivado"><\/item>
<item  id="277" filename="matrix_vector/matrix_vector.cpp" linenumber="16" name="add_ln16_5" contextFuncName="matrix_vector" moduleName="matrix_vector" rtlName="add_ln16_5_fu_1323_p2" latency="0" BRAM="-1" DSP="-1" FF="0" LUT="32" fileDirectory="C:\Users\giann\AppData\Roaming\Xilinx\Vivado"><\/item>
<item  id="297" filename="matrix_vector/matrix_vector.cpp" linenumber="14" name="icmp_ln14_6" contextFuncName="matrix_vector" moduleName="matrix_vector" rtlName="icmp_ln14_6_fu_1329_p2" latency="0" BRAM="-1" DSP="-1" FF="0" LUT="11" fileDirectory="C:\Users\giann\AppData\Roaming\Xilinx\Vivado"><\/item>
<item  id="299" filename="matrix_vector/matrix_vector.cpp" linenumber="14" name="add_ln14_6" contextFuncName="matrix_vector" moduleName="matrix_vector" rtlName="add_ln14_6_fu_1335_p2" latency="0" BRAM="-1" DSP="-1" FF="0" LUT="6" fileDirectory="C:\Users\giann\AppData\Roaming\Xilinx\Vivado"><\/item>
<item  id="305" filename="matrix_vector/matrix_vector.cpp" linenumber="16" name="trunc_ln16_6" contextFuncName="matrix_vector" moduleName="matrix_vector" rtlName="trunc_ln16_6_fu_1341_p1" latency="0" BRAM="-1" DSP="-1" FF="-1" LUT="-1" fileDirectory="C:\Users\giann\AppData\Roaming\Xilinx\Vivado"><\/item>
<item  id="306" filename="matrix_vector/matrix_vector.cpp" linenumber="16" name="tmp_26" contextFuncName="matrix_vector" moduleName="matrix_vector" rtlName="matrix_vector_muxbkb_U13" latency="0" BRAM="-1" DSP="-1" FF="-1" LUT="-1" fileDirectory="C:\Users\giann\AppData\Roaming\Xilinx\Vivado"><\/item>
<item  id="315" filename="matrix_vector/matrix_vector.cpp" linenumber="16" name="tmp_27" contextFuncName="matrix_vector" moduleName="matrix_vector" rtlName="matrix_vector_muxbkb_U14" latency="0" BRAM="-1" DSP="-1" FF="-1" LUT="-1" fileDirectory="C:\Users\giann\AppData\Roaming\Xilinx\Vivado"><\/item>
<item  id="316" filename="matrix_vector/matrix_vector.cpp" linenumber="16" name="mul_ln16_6" contextFuncName="matrix_vector" moduleName="matrix_vector" rtlName="mul_ln16_6_fu_1379_p2" latency="0" BRAM="-1" DSP="3" FF="0" LUT="20" fileDirectory="C:\Users\giann\AppData\Roaming\Xilinx\Vivado"><\/item>
<item  id="317" filename="matrix_vector/matrix_vector.cpp" linenumber="16" name="add_ln16_6" contextFuncName="matrix_vector" moduleName="matrix_vector" rtlName="add_ln16_6_fu_1385_p2" latency="0" BRAM="-1" DSP="-1" FF="0" LUT="32" fileDirectory="C:\Users\giann\AppData\Roaming\Xilinx\Vivado"><\/item>
<item  id="337" filename="matrix_vector/matrix_vector.cpp" linenumber="14" name="icmp_ln14_7" contextFuncName="matrix_vector" moduleName="matrix_vector" rtlName="icmp_ln14_7_fu_1391_p2" latency="0" BRAM="-1" DSP="-1" FF="0" LUT="11" fileDirectory="C:\Users\giann\AppData\Roaming\Xilinx\Vivado"><\/item>
<item  id="339" filename="matrix_vector/matrix_vector.cpp" linenumber="14" name="add_ln14_7" contextFuncName="matrix_vector" moduleName="matrix_vector" rtlName="add_ln14_7_fu_1397_p2" latency="0" BRAM="-1" DSP="-1" FF="0" LUT="6" fileDirectory="C:\Users\giann\AppData\Roaming\Xilinx\Vivado"><\/item>
<item  id="345" filename="matrix_vector/matrix_vector.cpp" linenumber="16" name="trunc_ln16_7" contextFuncName="matrix_vector" moduleName="matrix_vector" rtlName="trunc_ln16_7_fu_1403_p1" latency="0" BRAM="-1" DSP="-1" FF="-1" LUT="-1" fileDirectory="C:\Users\giann\AppData\Roaming\Xilinx\Vivado"><\/item>
<item  id="346" filename="matrix_vector/matrix_vector.cpp" linenumber="16" name="tmp_29" contextFuncName="matrix_vector" moduleName="matrix_vector" rtlName="matrix_vector_muxbkb_U15" latency="0" BRAM="-1" DSP="-1" FF="-1" LUT="-1" fileDirectory="C:\Users\giann\AppData\Roaming\Xilinx\Vivado"><\/item>
<item  id="355" filename="matrix_vector/matrix_vector.cpp" linenumber="16" name="tmp_30" contextFuncName="matrix_vector" moduleName="matrix_vector" rtlName="matrix_vector_muxbkb_U16" latency="0" BRAM="-1" DSP="-1" FF="-1" LUT="-1" fileDirectory="C:\Users\giann\AppData\Roaming\Xilinx\Vivado"><\/item>
<item  id="356" filename="matrix_vector/matrix_vector.cpp" linenumber="16" name="mul_ln16_7" contextFuncName="matrix_vector" moduleName="matrix_vector" rtlName="mul_ln16_7_fu_1442_p2" latency="0" BRAM="-1" DSP="3" FF="0" LUT="20" fileDirectory="C:\Users\giann\AppData\Roaming\Xilinx\Vivado"><\/item>
<item  id="357" filename="matrix_vector/matrix_vector.cpp" linenumber="16" name="add_ln16_7" contextFuncName="matrix_vector" moduleName="matrix_vector" rtlName="add_ln16_7_fu_1447_p2" latency="0" BRAM="-1" DSP="-1" FF="0" LUT="32" fileDirectory="C:\Users\giann\AppData\Roaming\Xilinx\Vivado"><\/item>
<\/annotationInfo>
</annotationInfo>
