<profile>

<section name = "Vivado HLS Report for 'matrix_vector'" level="0">
<item name = "Date">Tue Jan 10 09:47:27 2023
</item>
<item name = "Version">2019.2 (Build 2704478 on Wed Nov 06 22:10:23 MST 2019)</item>
<item name = "Project">matrix_vector</item>
<item name = "Solution">solution1</item>
<item name = "Product family">virtexuplus</item>
<item name = "Target device">xcu200-fsgd2104-2-e</item>
</section>

<section name = "Performance Estimates" level="0">
<item name = "Timing">
<section name = "" level="1">
<item name = "Summary"><table name="" hasTotal="0">
<keys size="4">Clock, Target, Estimated, Uncertainty</keys>
<column name="ap_clk">10.00 ns, 4.849 ns, 1.25 ns</column>
</table>
</item>
</section>
</item>
<item name = "Latency">
<section name = "" level="1">
<item name = "Summary"><table name="" hasTotal="0">
<keys size="8">, min, max, min, max, min, max, Type</keys>
<column name="">80, 80, 0.800 us, 0.800 us, 80, 80, none</column>
</table>
</item>
<item name = "Detail">
<section name = "" level="1">
<item name = "Instance"><table name="" hasTotal="0">
<keys size="9">Instance, Module, min, max, min, max, min, max, Type</keys>
</table>
</item>
<item name = "Loop"><table name="" hasTotal="0">
<keys size="8">Loop Name, min, max, Latency, achieved, target, Count, Pipelined</keys>
<column name="- dot_product_loop">8, 8, 2, 1, 1, 8, yes</column>
<column name="- dot_product_loop">8, 8, 2, 1, 1, 8, yes</column>
<column name="- dot_product_loop">8, 8, 2, 1, 1, 8, yes</column>
<column name="- dot_product_loop">8, 8, 2, 1, 1, 8, yes</column>
<column name="- dot_product_loop">8, 8, 2, 1, 1, 8, yes</column>
<column name="- dot_product_loop">8, 8, 2, 1, 1, 8, yes</column>
<column name="- dot_product_loop">8, 8, 2, 1, 1, 8, yes</column>
<column name="- dot_product_loop">8, 8, 2, 1, 1, 8, yes</column>
</table>
</item>
</section>
</item>
</section>
</item>
</section>

<section name = "Utilization Estimates" level="0">
<item name = "Summary"><table name="" hasTotal="1">
<keys size="6">Name, BRAM_18K, DSP48E, FF, LUT, URAM</keys>
<column name="DSP">-, -, -, -, -</column>
<column name="Expression">-, 24, 0, 584, -</column>
<column name="FIFO">-, -, -, -, -</column>
<column name="Instance">-, -, 0, 528, -</column>
<column name="Memory">-, -, -, -, -</column>
<column name="Multiplexer">-, -, -, 793, -</column>
<column name="Register">-, -, 641, -, -</column>
<specialColumn name="Available SLR">1440, 2280, 788160, 394080, 320</specialColumn>
<specialColumn name="Utilization SLR (%)">0, 1, ~0, ~0, 0</specialColumn>
<specialColumn name="Available">4320, 6840, 2364480, 1182240, 960</specialColumn>
<specialColumn name="Utilization (%)">0, ~0, ~0, ~0, 0</specialColumn>
</table>
</item>
<item name = "Detail">
<section name = "" level="1">
<item name = "Instance"><table name="" hasTotal="1">
<keys size="7">Instance, Module, BRAM_18K, DSP48E, FF, LUT, URAM</keys>
<column name="matrix_vector_muxbkb_U1">matrix_vector_muxbkb, 0, 0, 0, 33, 0</column>
<column name="matrix_vector_muxbkb_U2">matrix_vector_muxbkb, 0, 0, 0, 33, 0</column>
<column name="matrix_vector_muxbkb_U3">matrix_vector_muxbkb, 0, 0, 0, 33, 0</column>
<column name="matrix_vector_muxbkb_U4">matrix_vector_muxbkb, 0, 0, 0, 33, 0</column>
<column name="matrix_vector_muxbkb_U5">matrix_vector_muxbkb, 0, 0, 0, 33, 0</column>
<column name="matrix_vector_muxbkb_U6">matrix_vector_muxbkb, 0, 0, 0, 33, 0</column>
<column name="matrix_vector_muxbkb_U7">matrix_vector_muxbkb, 0, 0, 0, 33, 0</column>
<column name="matrix_vector_muxbkb_U8">matrix_vector_muxbkb, 0, 0, 0, 33, 0</column>
<column name="matrix_vector_muxbkb_U9">matrix_vector_muxbkb, 0, 0, 0, 33, 0</column>
<column name="matrix_vector_muxbkb_U10">matrix_vector_muxbkb, 0, 0, 0, 33, 0</column>
<column name="matrix_vector_muxbkb_U11">matrix_vector_muxbkb, 0, 0, 0, 33, 0</column>
<column name="matrix_vector_muxbkb_U12">matrix_vector_muxbkb, 0, 0, 0, 33, 0</column>
<column name="matrix_vector_muxbkb_U13">matrix_vector_muxbkb, 0, 0, 0, 33, 0</column>
<column name="matrix_vector_muxbkb_U14">matrix_vector_muxbkb, 0, 0, 0, 33, 0</column>
<column name="matrix_vector_muxbkb_U15">matrix_vector_muxbkb, 0, 0, 0, 33, 0</column>
<column name="matrix_vector_muxbkb_U16">matrix_vector_muxbkb, 0, 0, 0, 33, 0</column>
</table>
</item>
<item name = "DSP48E"><table name="" hasTotal="0">
<keys size="3">Instance, Module, Expression</keys>
</table>
</item>
<item name = "Memory"><table name="" hasTotal="1">
<keys size="10">Memory, Module, BRAM_18K, FF, LUT, URAM, Words, Bits, Banks, W*Bits*Banks</keys>
</table>
</item>
<item name = "FIFO"><table name="" hasTotal="1">
<keys size="8">Name, BRAM_18K, FF, LUT, URAM, Depth, Bits, Size:D*B</keys>
</table>
</item>
<item name = "Expression"><table name="" hasTotal="1">
<keys size="7">Variable Name, Operation, DSP48E, FF, LUT, Bitwidth P0, Bitwidth P1</keys>
<column name="mul_ln16_1_fu_1069_p2">*, 3, 0, 20, 32, 32</column>
<column name="mul_ln16_2_fu_1131_p2">*, 3, 0, 20, 32, 32</column>
<column name="mul_ln16_3_fu_1193_p2">*, 3, 0, 20, 32, 32</column>
<column name="mul_ln16_4_fu_1255_p2">*, 3, 0, 20, 32, 32</column>
<column name="mul_ln16_5_fu_1317_p2">*, 3, 0, 20, 32, 32</column>
<column name="mul_ln16_6_fu_1379_p2">*, 3, 0, 20, 32, 32</column>
<column name="mul_ln16_7_fu_1442_p2">*, 3, 0, 20, 32, 32</column>
<column name="mul_ln16_fu_1007_p2">*, 3, 0, 20, 32, 32</column>
<column name="add_ln14_1_fu_1025_p2">+, 0, 0, 6, 4, 1</column>
<column name="add_ln14_2_fu_1087_p2">+, 0, 0, 6, 4, 1</column>
<column name="add_ln14_3_fu_1149_p2">+, 0, 0, 6, 4, 1</column>
<column name="add_ln14_4_fu_1211_p2">+, 0, 0, 6, 4, 1</column>
<column name="add_ln14_5_fu_1273_p2">+, 0, 0, 6, 4, 1</column>
<column name="add_ln14_6_fu_1335_p2">+, 0, 0, 6, 4, 1</column>
<column name="add_ln14_7_fu_1397_p2">+, 0, 0, 6, 4, 1</column>
<column name="add_ln14_fu_963_p2">+, 0, 0, 6, 4, 1</column>
<column name="add_ln16_1_fu_1075_p2">+, 0, 0, 32, 32, 32</column>
<column name="add_ln16_2_fu_1137_p2">+, 0, 0, 32, 32, 32</column>
<column name="add_ln16_3_fu_1199_p2">+, 0, 0, 32, 32, 32</column>
<column name="add_ln16_4_fu_1261_p2">+, 0, 0, 32, 32, 32</column>
<column name="add_ln16_5_fu_1323_p2">+, 0, 0, 32, 32, 32</column>
<column name="add_ln16_6_fu_1385_p2">+, 0, 0, 32, 32, 32</column>
<column name="add_ln16_7_fu_1447_p2">+, 0, 0, 32, 32, 32</column>
<column name="add_ln16_fu_1013_p2">+, 0, 0, 32, 32, 32</column>
<column name="icmp_ln14_1_fu_1019_p2">icmp, 0, 0, 11, 4, 5</column>
<column name="icmp_ln14_2_fu_1081_p2">icmp, 0, 0, 11, 4, 5</column>
<column name="icmp_ln14_3_fu_1143_p2">icmp, 0, 0, 11, 4, 5</column>
<column name="icmp_ln14_4_fu_1205_p2">icmp, 0, 0, 11, 4, 5</column>
<column name="icmp_ln14_5_fu_1267_p2">icmp, 0, 0, 11, 4, 5</column>
<column name="icmp_ln14_6_fu_1329_p2">icmp, 0, 0, 11, 4, 5</column>
<column name="icmp_ln14_7_fu_1391_p2">icmp, 0, 0, 11, 4, 5</column>
<column name="icmp_ln14_fu_957_p2">icmp, 0, 0, 11, 4, 5</column>
<column name="ap_enable_pp0">xor, 0, 0, 2, 1, 2</column>
<column name="ap_enable_pp1">xor, 0, 0, 2, 1, 2</column>
<column name="ap_enable_pp2">xor, 0, 0, 2, 1, 2</column>
<column name="ap_enable_pp3">xor, 0, 0, 2, 1, 2</column>
<column name="ap_enable_pp4">xor, 0, 0, 2, 1, 2</column>
<column name="ap_enable_pp5">xor, 0, 0, 2, 1, 2</column>
<column name="ap_enable_pp6">xor, 0, 0, 2, 1, 2</column>
<column name="ap_enable_pp7">xor, 0, 0, 2, 1, 2</column>
<column name="ap_enable_reg_pp0_iter1">xor, 0, 0, 2, 2, 1</column>
<column name="ap_enable_reg_pp1_iter1">xor, 0, 0, 2, 2, 1</column>
<column name="ap_enable_reg_pp2_iter1">xor, 0, 0, 2, 2, 1</column>
<column name="ap_enable_reg_pp3_iter1">xor, 0, 0, 2, 2, 1</column>
<column name="ap_enable_reg_pp4_iter1">xor, 0, 0, 2, 2, 1</column>
<column name="ap_enable_reg_pp5_iter1">xor, 0, 0, 2, 2, 1</column>
<column name="ap_enable_reg_pp6_iter1">xor, 0, 0, 2, 2, 1</column>
<column name="ap_enable_reg_pp7_iter1">xor, 0, 0, 2, 2, 1</column>
</table>
</item>
<item name = "Multiplexer"><table name="" hasTotal="1">
<keys size="5">Name, LUT, Input Size, Bits, Total Bits</keys>
<column name="M_0_address0">44, 9, 3, 27</column>
<column name="M_1_address0">44, 9, 3, 27</column>
<column name="M_2_address0">44, 9, 3, 27</column>
<column name="M_3_address0">44, 9, 3, 27</column>
<column name="M_4_address0">44, 9, 3, 27</column>
<column name="M_5_address0">44, 9, 3, 27</column>
<column name="M_6_address0">44, 9, 3, 27</column>
<column name="M_7_address0">44, 9, 3, 27</column>
<column name="V_Out_address0">44, 9, 3, 27</column>
<column name="V_Out_d0">44, 9, 32, 288</column>
<column name="ap_NS_fsm">89, 18, 1, 18</column>
<column name="ap_enable_reg_pp0_iter1">15, 3, 1, 3</column>
<column name="ap_enable_reg_pp1_iter1">15, 3, 1, 3</column>
<column name="ap_enable_reg_pp2_iter1">15, 3, 1, 3</column>
<column name="ap_enable_reg_pp3_iter1">15, 3, 1, 3</column>
<column name="ap_enable_reg_pp4_iter1">15, 3, 1, 3</column>
<column name="ap_enable_reg_pp5_iter1">15, 3, 1, 3</column>
<column name="ap_enable_reg_pp6_iter1">15, 3, 1, 3</column>
<column name="ap_enable_reg_pp7_iter1">15, 3, 1, 3</column>
<column name="j_0_0_reg_765">9, 2, 4, 8</column>
<column name="j_0_1_reg_789">9, 2, 4, 8</column>
<column name="j_0_2_reg_813">9, 2, 4, 8</column>
<column name="j_0_3_reg_837">9, 2, 4, 8</column>
<column name="j_0_4_reg_861">9, 2, 4, 8</column>
<column name="j_0_5_reg_885">9, 2, 4, 8</column>
<column name="j_0_6_reg_909">9, 2, 4, 8</column>
<column name="j_0_7_reg_933">9, 2, 4, 8</column>
<column name="sum_0_0_reg_776">9, 2, 32, 64</column>
<column name="sum_0_1_reg_800">9, 2, 32, 64</column>
<column name="sum_0_2_reg_824">9, 2, 32, 64</column>
<column name="sum_0_3_reg_848">9, 2, 32, 64</column>
<column name="sum_0_4_reg_872">9, 2, 32, 64</column>
<column name="sum_0_5_reg_896">9, 2, 32, 64</column>
<column name="sum_0_6_reg_920">9, 2, 32, 64</column>
<column name="sum_0_7_reg_944">9, 2, 32, 64</column>
</table>
</item>
<item name = "Register"><table name="" hasTotal="1">
<keys size="5">Name, FF, LUT, Bits, Const Bits</keys>
<column name="V_In_0_read_reg_1497">32, 0, 32, 0</column>
<column name="V_In_1_read_reg_1509">32, 0, 32, 0</column>
<column name="V_In_2_read_reg_1521">32, 0, 32, 0</column>
<column name="V_In_3_read_reg_1533">32, 0, 32, 0</column>
<column name="V_In_4_read_reg_1545">32, 0, 32, 0</column>
<column name="V_In_5_read_reg_1557">32, 0, 32, 0</column>
<column name="V_In_6_read_reg_1569">32, 0, 32, 0</column>
<column name="V_In_7_read_reg_1581">32, 0, 32, 0</column>
<column name="ap_CS_fsm">17, 0, 17, 0</column>
<column name="ap_enable_reg_pp0_iter0">1, 0, 1, 0</column>
<column name="ap_enable_reg_pp0_iter1">1, 0, 1, 0</column>
<column name="ap_enable_reg_pp1_iter0">1, 0, 1, 0</column>
<column name="ap_enable_reg_pp1_iter1">1, 0, 1, 0</column>
<column name="ap_enable_reg_pp2_iter0">1, 0, 1, 0</column>
<column name="ap_enable_reg_pp2_iter1">1, 0, 1, 0</column>
<column name="ap_enable_reg_pp3_iter0">1, 0, 1, 0</column>
<column name="ap_enable_reg_pp3_iter1">1, 0, 1, 0</column>
<column name="ap_enable_reg_pp4_iter0">1, 0, 1, 0</column>
<column name="ap_enable_reg_pp4_iter1">1, 0, 1, 0</column>
<column name="ap_enable_reg_pp5_iter0">1, 0, 1, 0</column>
<column name="ap_enable_reg_pp5_iter1">1, 0, 1, 0</column>
<column name="ap_enable_reg_pp6_iter0">1, 0, 1, 0</column>
<column name="ap_enable_reg_pp6_iter1">1, 0, 1, 0</column>
<column name="ap_enable_reg_pp7_iter0">1, 0, 1, 0</column>
<column name="ap_enable_reg_pp7_iter1">1, 0, 1, 0</column>
<column name="icmp_ln14_1_reg_1649">1, 0, 1, 0</column>
<column name="icmp_ln14_2_reg_1709">1, 0, 1, 0</column>
<column name="icmp_ln14_3_reg_1769">1, 0, 1, 0</column>
<column name="icmp_ln14_4_reg_1829">1, 0, 1, 0</column>
<column name="icmp_ln14_5_reg_1889">1, 0, 1, 0</column>
<column name="icmp_ln14_6_reg_1949">1, 0, 1, 0</column>
<column name="icmp_ln14_7_reg_2009">1, 0, 1, 0</column>
<column name="icmp_ln14_reg_1493">1, 0, 1, 0</column>
<column name="j_0_0_reg_765">4, 0, 4, 0</column>
<column name="j_0_1_reg_789">4, 0, 4, 0</column>
<column name="j_0_2_reg_813">4, 0, 4, 0</column>
<column name="j_0_3_reg_837">4, 0, 4, 0</column>
<column name="j_0_4_reg_861">4, 0, 4, 0</column>
<column name="j_0_5_reg_885">4, 0, 4, 0</column>
<column name="j_0_6_reg_909">4, 0, 4, 0</column>
<column name="j_0_7_reg_933">4, 0, 4, 0</column>
<column name="sum_0_0_reg_776">32, 0, 32, 0</column>
<column name="sum_0_1_reg_800">32, 0, 32, 0</column>
<column name="sum_0_2_reg_824">32, 0, 32, 0</column>
<column name="sum_0_3_reg_848">32, 0, 32, 0</column>
<column name="sum_0_4_reg_872">32, 0, 32, 0</column>
<column name="sum_0_5_reg_896">32, 0, 32, 0</column>
<column name="sum_0_6_reg_920">32, 0, 32, 0</column>
<column name="sum_0_7_reg_944">32, 0, 32, 0</column>
<column name="tmp_29_reg_2023">32, 0, 32, 0</column>
<column name="trunc_ln16_1_reg_1658">3, 0, 3, 0</column>
<column name="trunc_ln16_2_reg_1718">3, 0, 3, 0</column>
<column name="trunc_ln16_3_reg_1778">3, 0, 3, 0</column>
<column name="trunc_ln16_4_reg_1838">3, 0, 3, 0</column>
<column name="trunc_ln16_5_reg_1898">3, 0, 3, 0</column>
<column name="trunc_ln16_6_reg_1958">3, 0, 3, 0</column>
<column name="trunc_ln16_7_reg_2018">3, 0, 3, 0</column>
<column name="trunc_ln16_reg_1598">3, 0, 3, 0</column>
</table>
</item>
</section>
</item>
</section>

<section name = "Interface" level="0">
<item name = "Summary"><table name="" hasTotal="0">
<keys size="6">RTL Ports, Dir, Bits, Protocol, Source Object, C Type</keys>
<column name="ap_clk">in, 1, ap_ctrl_hs, matrix_vector, return value</column>
<column name="ap_rst">in, 1, ap_ctrl_hs, matrix_vector, return value</column>
<column name="ap_start">in, 1, ap_ctrl_hs, matrix_vector, return value</column>
<column name="ap_done">out, 1, ap_ctrl_hs, matrix_vector, return value</column>
<column name="ap_idle">out, 1, ap_ctrl_hs, matrix_vector, return value</column>
<column name="ap_ready">out, 1, ap_ctrl_hs, matrix_vector, return value</column>
<column name="M_0_address0">out, 3, ap_memory, M_0, array</column>
<column name="M_0_ce0">out, 1, ap_memory, M_0, array</column>
<column name="M_0_q0">in, 32, ap_memory, M_0, array</column>
<column name="M_1_address0">out, 3, ap_memory, M_1, array</column>
<column name="M_1_ce0">out, 1, ap_memory, M_1, array</column>
<column name="M_1_q0">in, 32, ap_memory, M_1, array</column>
<column name="M_2_address0">out, 3, ap_memory, M_2, array</column>
<column name="M_2_ce0">out, 1, ap_memory, M_2, array</column>
<column name="M_2_q0">in, 32, ap_memory, M_2, array</column>
<column name="M_3_address0">out, 3, ap_memory, M_3, array</column>
<column name="M_3_ce0">out, 1, ap_memory, M_3, array</column>
<column name="M_3_q0">in, 32, ap_memory, M_3, array</column>
<column name="M_4_address0">out, 3, ap_memory, M_4, array</column>
<column name="M_4_ce0">out, 1, ap_memory, M_4, array</column>
<column name="M_4_q0">in, 32, ap_memory, M_4, array</column>
<column name="M_5_address0">out, 3, ap_memory, M_5, array</column>
<column name="M_5_ce0">out, 1, ap_memory, M_5, array</column>
<column name="M_5_q0">in, 32, ap_memory, M_5, array</column>
<column name="M_6_address0">out, 3, ap_memory, M_6, array</column>
<column name="M_6_ce0">out, 1, ap_memory, M_6, array</column>
<column name="M_6_q0">in, 32, ap_memory, M_6, array</column>
<column name="M_7_address0">out, 3, ap_memory, M_7, array</column>
<column name="M_7_ce0">out, 1, ap_memory, M_7, array</column>
<column name="M_7_q0">in, 32, ap_memory, M_7, array</column>
<column name="V_In_0">in, 32, ap_none, V_In_0, pointer</column>
<column name="V_In_1">in, 32, ap_none, V_In_1, pointer</column>
<column name="V_In_2">in, 32, ap_none, V_In_2, pointer</column>
<column name="V_In_3">in, 32, ap_none, V_In_3, pointer</column>
<column name="V_In_4">in, 32, ap_none, V_In_4, pointer</column>
<column name="V_In_5">in, 32, ap_none, V_In_5, pointer</column>
<column name="V_In_6">in, 32, ap_none, V_In_6, pointer</column>
<column name="V_In_7">in, 32, ap_none, V_In_7, pointer</column>
<column name="V_Out_address0">out, 3, ap_memory, V_Out, array</column>
<column name="V_Out_ce0">out, 1, ap_memory, V_Out, array</column>
<column name="V_Out_we0">out, 1, ap_memory, V_Out, array</column>
<column name="V_Out_d0">out, 32, ap_memory, V_Out, array</column>
</table>
</item>
</section>
</profile>
