<profile>

<section name = "Vivado HLS Report for 'matrix_vector'" level="0">
<item name = "Date">Tue Jan 10 09:47:26 2023
</item>
<item name = "Version">2019.2 (Build 2704478 on Wed Nov 06 22:10:23 MST 2019)</item>
<item name = "Project">matrix_vector</item>
<item name = "Solution">solution1</item>
<item name = "Product family">virtexuplus</item>
<item name = "Target device">xcu200-fsgd2104-2-e</item>
</section>

<section name = "Performance Estimates" level="0">
<item name = "Timing">
<section name = "" level="1">
<item name = "Summary"><table name="" hasTotal="0">
<keys size="4">Clock, Target, Estimated, Uncertainty</keys>
<column name="ap_clk">10.00 ns, 4.849 ns, 1.25 ns</column>
</table>
</item>
</section>
</item>
<item name = "Latency">
<section name = "" level="1">
<item name = "Summary"><table name="" hasTotal="0">
<keys size="8">, min, max, min, max, min, max, Type</keys>
<column name="">80, 80, 0.800 us, 0.800 us, 80, 80, none</column>
</table>
</item>
<item name = "Detail">
<section name = "" level="1">
<item name = "Instance"><table name="" hasTotal="0">
<keys size="9">Instance, Module, min, max, min, max, min, max, Type</keys>
</table>
</item>
<item name = "Loop"><table name="" hasTotal="0">
<keys size="8">Loop Name, min, max, Latency, achieved, target, Count, Pipelined</keys>
<column name="- dot_product_loop">8, 8, 2, 1, 1, 8, yes</column>
<column name="- dot_product_loop">8, 8, 2, 1, 1, 8, yes</column>
<column name="- dot_product_loop">8, 8, 2, 1, 1, 8, yes</column>
<column name="- dot_product_loop">8, 8, 2, 1, 1, 8, yes</column>
<column name="- dot_product_loop">8, 8, 2, 1, 1, 8, yes</column>
<column name="- dot_product_loop">8, 8, 2, 1, 1, 8, yes</column>
<column name="- dot_product_loop">8, 8, 2, 1, 1, 8, yes</column>
<column name="- dot_product_loop">8, 8, 2, 1, 1, 8, yes</column>
</table>
</item>
</section>
</item>
</section>
</item>
</section>
</profile>
